payroll_id,employee_id,pay_period,gross_pay,deductions,net_pay,overtime_hours,first_name,last_name,ssn,email,department_id,hire_date,salary,is_active,dept_id,dept_name,salary_monthly,net_pay_ratio,deduction_ratio,overtime_ratio,gross_vs_salary,anomaly_score,anomaly_decision
1,1,2026-02-28,6147.79,1528.66,4619.13,10,Harry,Mason,757-41-5089,codythompson@example.net,1.0,2026-02-04,67450,True,1.0,Sales,5620.833333333333,0.7513480453951745,0.24865195460482548,0.0625,1.0937506300963677,0,0.050094021494197616
2,2,2026-02-28,5279.71,872.66,4407.05,10,Carrie,Cortez,543-28-3579,joan05@example.com,1.0,2024-08-19,57926,True,1.0,Sales,4827.166666666667,0.8347144066624872,0.16528559333751286,0.0625,1.093749266305286,0,0.08026587866655976
3,3,2026-02-28,6081.91,1025.75,5056.15,5,Leah,Johnson,641-54-9311,debbie71@example.net,3.0,2024-08-10,69715,True,3.0,HR,5809.583333333333,0.8313424565638097,0.16865589921587135,0.03125,1.0468754213583877,0,0.0805281191981726
4,4,2026-02-28,6903.75,1232.39,5671.36,0,Steven,Tyler,658-03-5889,gibsonwilliam@example.com,2.0,2023-06-26,82845,True,2.0,Engineering,6903.75,0.8214897700525077,0.17851022994749233,0.0,1.0,0,0.14441011644878043
5,5,2026-02-28,4707.25,787.7,3919.55,0,Henry,Clark,730-07-8681,teresashepard@example.net,2.0,2022-11-15,56487,True,2.0,Engineering,4707.25,0.8326623824950874,0.16733761750491263,0.0,1.0,0,0.19312780954125514
6,6,2026-02-28,4707.25,1128.22,3579.03,0,James,Simmons,819-94-4546,coffeyrodney@example.org,2.0,2025-05-05,56487,True,2.0,Engineering,4707.25,0.7603229061553987,0.23967709384460142,0.0,1.0,0,0.16617305575919855
7,7,2026-02-28,6974.0,1102.06,5871.94,0,Julie,Collins,383-65-2234,haynesphillip@example.net,1.0,2021-09-07,83688,True,1.0,Sales,6974.0,0.8419759105248064,0.15802408947519356,0.0,1.0,0,0.12233518438231233
8,8,2026-02-28,5959.25,1206.46,4752.79,0,Dominique,Campbell,325-96-8578,denise39@example.com,5.0,2022-11-06,71511,True,5.0,Operations,5959.25,0.7975483492050174,0.2024516507949826,0.0,1.0,0,0.20082027871427094
9,9,2026-02-28,4826.81,916.06,3910.75,10,Amber,Peterson,889-66-0195,tiffany23@example.net,1.0,2022-04-05,52957,True,1.0,Sales,4413.083333333333,0.8102141994402099,0.18978580055978997,0.0625,1.0937500236040563,0,0.11063721170022006
10,10,2026-02-28,5678.17,1402.21,4275.96,0,Jennifer,Levy,578-24-6558,mary23@example.org,5.0,2022-01-31,68138,True,5.0,Operations,5678.166666666667,0.7530524799363175,0.24694752006368248,0.0,1.0000005870439401,0,0.14023243859856938
11,11,2026-02-28,4420.67,1045.71,3374.95,0,Patricia,Rogers,0,rebecca69@example.net,4.0,2021-07-04,53048,True,4.0,Finance,4420.666666666667,0.763447622193016,0.2365501157064427,0.0,1.0000007540340823,0,0.17673621648564924
12,12,2026-02-28,4832.01,1047.89,3784.12,10,Hector,Campbell,630-93-0581,markwilliams@example.com,1.0,2023-06-08,53014,True,1.0,Sales,4417.833333333333,0.7831357964904874,0.2168642035095126,0.0625,1.0937510846191574,0,0.11345294224436825
13,13,2026-02-28,5302.42,1288.16,4014.26,0,Teresa,Franklin,005-25-5552,carmen91@example.com,1.0,2022-11-23,63629,True,1.0,Sales,5302.416666666667,0.7570618698631946,0.24293813013680546,0.0,1.0000006286441716,0,0.15575237469167957
14,14,2026-02-28,2608.33,536.47,2071.86,0,Lindsay,Dickerson,376-02-2237,dianalong@example.com,1.0,2023-08-28,31300,True,1.0,Sales,2608.3333333333335,0.7943243377946809,0.20567566220531913,0.0,0.9999987220447284,0,0.08447697626580652
15,15,2026-02-28,3110.44,524.75,2585.7,10,Marie,Owens,667-19-6736,prattdavid@example.net,2.0,2024-09-14,34126,True,2.0,Engineering,2843.8333333333335,0.8312971798202183,0.16870603515901286,0.0625,1.0937490476469554,1,-0.010696270186192569
16,16,2026-02-28,4297.08,783.65,3513.43,0,Tyler,Robinson,821-01-1420,josephstokes@example.net,2.0,2023-01-14,51565,True,2.0,Engineering,4297.083333333333,0.8176319733400356,0.18236802665996443,0.0,0.999999224280035,0,0.18786371215672099
17,17,2026-02-28,4083.97,659.49,3424.48,10,Kelsey,Jordan,216-04-0591,deanjohn@example.net,5.0,2021-05-01,44807,True,5.0,Operations,3733.9166666666665,0.8385174229977204,0.16148257700227966,0.0625,1.0937496373334523,0,0.04892932337925926
18,18,2026-02-28,5392.75,1138.2,4254.55,0,Allen,Gutierrez,040-74-9994,julierodriguez@example.org,5.0,2022-01-25,64713,True,5.0,Operations,5392.75,0.7889388530897965,0.21106114691020353,0.0,1.0,0,0.21598235053138837
19,19,2026-02-28,4227.25,837.48,3389.77,10,Patricia,Charles,501-36-9334,fowlerandrew@example.org,1.0,2022-04-30,46379,True,1.0,Sales,3864.9166666666665,0.8018853864805725,0.19811461351942752,0.0625,1.0937493262036697,0,0.09770162414260597
20,20,2026-02-28,3234.58,657.46,2577.13,0,Joy,Murphy,876-76-5840,wendydominguez@example.net,5.0,2026-01-12,38815,True,5.0,Operations,3234.5833333333335,0.7967433175249956,0.20325977406649395,0.0,0.9999989694705654,0,0.16177000912560197
21,21,2026-02-28,6832.0,1254.77,5577.23,0,Randy,Gutierrez,201-66-5202,rreid@example.com,2.0,2021-09-03,81984,True,2.0,Engineering,6832.0,0.8163392857142856,0.1836607142857143,0.0,1.0,0,0.14374992425926858
22,22,2026-02-28,4717.75,771.08,3946.67,0,Douglas,Harmon,403-32-5719,wendy86@example.org,5.0,2025-09-24,56613,True,5.0,Operations,4717.75,0.836557681097981,0.163442318902019,0.0,1.0,0,0.19138354043033923
23,23,2026-02-28,5084.33,794.87,4289.46,0,Tracey,Rasmussen,176-13-6825,randallallison@example.net,4.0,2026-02-26,61012,True,4.0,Finance,5084.333333333333,0.843662783493597,0.156337216506403,0.0,0.9999993443912674,0,0.16045110767872578
24,24,2026-02-28,3219.0,801.52,2417.48,0,Jack,Stevens,218-08-2237,lauracook@example.net,2.0,2025-08-11,38628,True,2.0,Engineering,3219.0,0.7510034172103137,0.24899658278968623,0.0,1.0,0,0.0988810016417509
25,25,2026-02-28,4319.5,787.17,3532.33,0,Donna,Bailey,135-82-5233,mackallen@example.org,4.0,2023-05-04,51834,True,4.0,Finance,4319.5,0.8177636300497743,0.1822363699502257,0.0,1.0,0,0.19941568445252839
26,26,2026-02-28,5861.2,1228.3,4632.9,15,Michael,Raymond,245-72-8689,denise29@example.net,5.0,2026-02-13,61663,True,5.0,Operations,5138.583333333333,0.7904354057189653,0.2095645942810346,0.09375,1.140625658822957,0,0.08344128924194472
27,27,2026-02-28,3895.12,946.33,2948.79,10,Robert,Anderson,750-44-3192,betty69@example.org,3.0,2025-05-18,42735,True,3.0,HR,3561.25,0.7570472796730268,0.24295272032697326,0.0625,1.0937507897507897,0,0.03919404014688521
28,28,2026-02-28,5982.36,1334.58,4647.77,10,Shane,Stout,695-65-0906,hornaaron@example.net,1.0,2025-12-22,65635,True,1.0,Sales,5469.583333333333,0.7769124559538377,0.22308587246504724,0.0625,1.0937505903862268,0,0.09873586483780517
29,29,2026-02-28,4647.53,1041.57,3605.96,10,Jessica,Jones,068-51-4765,rwells@example.com,2.0,2023-08-01,50990,True,2.0,Engineering,4249.166666666667,0.7758874068591274,0.22411259314087267,0.0625,1.0937509315552068,0,0.10131824189665312
30,30,2026-02-28,4635.33,961.59,3673.75,0,Kenneth,Hatfield,560-28-6340,kiaralove@example.org,4.0,2024-09-22,55624,True,4.0,Finance,4635.333333333333,0.7925541439336574,0.20744801341004848,0.0,0.9999992808859486,0,0.19674165666758936
31,31,2026-02-28,4446.95,1020.69,3426.26,5,Andrew,Murphy,532-54-0661,brittney67@example.com,3.0,2021-11-16,50974,True,3.0,HR,4247.833333333333,0.7704741452006432,0.2295258547993569,0.03125,1.0468748773884726,0,0.1160699276319016
32,32,2026-02-28,7315.33,1244.8,6070.54,0,Tonya,Gray,896-76-2756,timothy57@example.net,3.0,2022-07-17,87784,True,3.0,HR,7315.333333333333,0.8298381617780742,0.17016320521425554,0.0,0.9999995443360977,0,0.10620187205325599
33,33,2026-02-28,4983.08,829.01,4154.07,0,Christina,Nielsen,706-59-6315,ilawson@example.com,2.0,2024-02-19,59797,True,2.0,Engineering,4983.083333333333,0.833635020910762,0.16636497908923797,0.0,0.9999993310701206,0,0.1835556729682593
34,34,2026-02-28,3677.83,612.09,3065.74,0,Christina,Bishop,091-88-5038,ybarton@example.com,2.0,2025-02-27,44134,True,2.0,Engineering,3677.8333333333335,0.8335730580260642,0.16642694197393573,0.0,0.9999990936692799,0,0.15152243125452708
35,35,2026-02-28,6875.88,1634.53,5241.34,15,Michelle,Wolf,850-11-7574,holmesmichael@example.org,3.0,2025-06-13,72338,True,3.0,HR,6028.166666666667,0.762279155540818,0.23771939009988538,0.09375,1.1406253974397964,0,0.030408497885884733
36,36,2026-02-28,3473.92,657.42,2816.5,0,Stephanie,Moore,495-15-3454,angela88@example.net,1.0,2021-05-19,41687,True,1.0,Sales,3473.9166666666665,0.8107555729550479,0.1892444270449521,0.0,1.0000009595317485,0,0.15930678446105917
37,37,2026-02-28,5261.0,1218.76,4042.24,0,Sandra,Ramirez,168-75-7982,emmatravis@example.org,1.0,2023-03-28,63132,True,1.0,Sales,5261.0,0.7683406196540581,0.23165938034594183,0.0,1.0,0,0.18902300468031835
38,38,2026-02-28,2550.33,494.54,2055.79,0,Joseph,Joseph,592-93-6886,sarahwilliams@example.org,4.0,2022-01-15,30604,True,4.0,Finance,2550.3333333333335,0.8060878396129129,0.19391216038708717,0.0,0.9999986929813095,0,0.0682042080275167
39,39,2026-02-28,3339.75,626.85,2712.9,0,Meagan,Hall,855-10-2988,grayjodi@example.com,1.0,2025-11-23,40077,True,1.0,Sales,3339.75,0.8123063103525713,0.18769368964742872,0.0,1.0,0,0.16678349530637093
40,40,2026-02-28,5246.0,1029.62,4216.38,0,Stephen,Miller,061-27-7803,hnelson@example.net,3.0,2023-05-11,62952,True,3.0,HR,5246.0,0.8037323675181091,0.19626763248189094,0.0,1.0,0,0.20621283139735586
41,41,2026-02-28,5923.0,1066.96,4856.04,0,Cory,Evans,862-82-2947,tammy42@example.net,3.0,2024-02-03,71076,True,3.0,HR,5923.0,0.8198615566435927,0.18013844335640722,0.0,1.0,0,0.18843354853311006
42,42,2026-02-28,5702.99,1368.48,4334.52,10,Katherine,Woods,525-93-8016,yolandamejia@example.org,5.0,2023-11-29,62570,True,5.0,Operations,5214.166666666667,0.7600434158222267,0.23995833764393767,0.0625,1.0937490810292472,0,0.07637604924851882
43,43,2026-02-28,4855.42,914.71,3940.71,0,Kaitlin,Anderson,862-86-7867,ibeck@example.org,3.0,2026-02-05,58265,True,3.0,HR,4855.416666666667,0.8116105300880253,0.18838946991197467,0.0,1.000000686518493,0,0.20495735150529043
44,44,2026-02-28,5273.77,1286.71,3987.06,15,Tyler,Sutton,574-20-2036,lisa40@example.org,1.0,2022-01-28,55483,True,1.0,Sales,4623.583333333333,0.7560170428365286,0.2439829571634713,0.09375,1.1406239749112344,0,0.0526690822806517
45,45,2026-02-28,3447.32,790.82,2656.49,10,Joe,Roberts,654-18-0157,rodriguezelizabeth@example.com,4.0,2024-02-14,37822,True,4.0,Finance,3151.8333333333335,0.7705957091305708,0.22940139006532612,0.0625,1.0937507270900535,0,0.03068270876856727
46,46,2026-02-28,4100.17,869.27,3230.9,0,Kristin,Norman,260-51-2663,david48@example.com,5.0,2023-03-10,49202,True,5.0,Operations,4100.166666666667,0.7879917174165949,0.21200828258340507,0.0,1.0000008129750824,0,0.20398151653427243
47,47,2026-02-28,5046.32,914.25,4132.06,15,Alexander,Smith,329-85-6156,ebony19@example.org,1.0,2023-12-15,53090,True,1.0,Sales,4424.166666666667,0.818826392301717,0.18117162605621523,0.09375,1.1406261066114145,0,0.07457258778098486
48,48,2026-02-28,6321.33,1105.28,5216.06,0,Frank,Clark,458-94-5258,smithsamantha@example.com,4.0,2023-01-15,75856,True,4.0,Finance,6321.333333333333,0.825152301809904,0.17484928013566764,0.0,0.9999994726850876,0,0.14855486701595833
49,49,2026-02-28,5429.5,1218.35,4211.15,0,Sharon,Ryan,419-22-4472,kpark@example.net,1.0,2022-11-03,65154,True,1.0,Sales,5429.5,0.7756054885348558,0.2243945114651441,0.0,1.0,0,0.20539209143533427
50,50,2026-02-28,2796.17,578.78,2217.39,0,Teresa,Barry,535-37-8257,adam75@example.org,5.0,2022-02-19,33554,True,5.0,Operations,2796.1666666666665,0.7930097240153495,0.20699027598465042,0.0,1.0000011921082435,0,0.1120892424542646
51,51,2026-02-28,5405.08,1222.88,4682.21,0,Luke,Barnes,203-09-3977,bradleysamantha@example.com,3.0,2025-03-20,64861,True,3.0,HR,5405.083333333333,0.8662609989121345,0.2262464200344861,0.0,0.9999993832965881,0,0.10573613047292824
52,52,2026-02-28,5154.01,1209.36,3944.65,15,Francis,Oconnor,708-09-3575,ann97@example.org,5.0,2024-10-28,54223,True,5.0,Operations,4518.583333333333,0.7653555192946851,0.23464448070531485,0.09375,1.1406251959500582,0,0.07321414703227358
53,53,2026-02-28,4153.83,788.1,3365.73,0,Arthur,Ramos,582-13-2935,kristopher31@example.net,3.0,2026-02-21,49846,True,3.0,HR,4153.833333333333,0.810271484389106,0.18972851561089404,0.0,0.9999991975283875,0,0.18556076638342578
54,54,2026-02-28,5764.58,1324.3,4440.29,0,Jennifer,Ford,084-45-0049,dhernandez@example.org,5.0,2025-12-19,69175,True,5.0,Operations,5764.583333333333,0.7702712079631127,0.22973052676864575,0.0,0.9999994217564149,0,0.17910534079483853
55,55,2026-02-28,6583.45,1463.01,5120.44,5,Jason,Vazquez,820-70-7650,ipham@example.net,2.0,2021-10-21,75464,True,2.0,Engineering,6288.666666666667,0.7777745710835504,0.22222542891644959,0.03125,1.0468753312837908,0,0.09818484505174374
56,56,2026-02-28,6164.08,1368.45,4795.63,0,Stephen,Bishop,052-41-3925,ifloyd@example.com,1.0,2022-11-02,73969,True,1.0,Sales,6164.083333333333,0.7779960675396815,0.2220039324603185,0.0,0.9999994592329219,0,0.17884024893035466
57,57,2026-02-28,3950.92,845.95,3104.97,0,Grace,Ruiz,015-20-1631,tracey11@example.net,1.0,2024-01-07,47411,True,1.0,Sales,3950.9166666666665,0.7858853127879075,0.21411468721209237,0.0,1.0000008436860646,0,0.19656860952904937
58,58,2026-02-28,4613.42,1012.16,3601.26,0,Ashley,Jensen,254-12-5552,jennifer62@example.com,2.0,2022-04-26,55361,True,2.0,Engineering,4613.416666666667,0.7806052776465182,0.21939472235348179,0.0,1.0000007225303011,0,0.20309688784148594
59,59,2026-02-28,5921.56,995.77,4925.79,10,Samantha,Cook,174-86-5120,edwardevans@example.net,3.0,2024-08-10,64968,True,3.0,HR,5414.0,0.8318399205614736,0.16816007943852632,0.0625,1.0937495382342077,0,0.0947525490505976
60,60,2026-02-28,6219.42,1497.92,4721.5,0,Cindy,Rodriguez,059-94-0363,kristinhall@example.net,1.0,2024-02-09,74633,True,1.0,Sales,6219.416666666667,0.7591543906023391,0.2408456093976609,0.0,1.0000005359559443,0,0.1325402737918368
61,61,2026-02-28,4401.0,916.9,3484.1,0,Patrick,Kent,756-62-9588,jenniferbaxter@example.org,2.0,2021-08-20,52812,True,2.0,Engineering,4401.0,0.7916609861395137,0.20833901386048626,0.0,1.0,0,0.20528904529046704
62,62,2026-02-28,5438.4,1134.58,4303.83,15,Rebecca,Alexander,609-20-2172,matthew11@example.net,1.0,2024-12-07,57215,True,1.0,Sales,4767.916666666667,0.7913779788172992,0.20862385995881141,0.09375,1.1406239622476622,0,0.08143764469604398
63,63,2026-02-28,3617.0,725.53,2891.47,0,Nathan,Davis,001-88-0614,mary33@example.net,4.0,2023-12-27,43404,True,4.0,Finance,3617.0,0.7994111141830246,0.2005888858169754,0.0,1.0,0,0.1808763915970787
64,64,2026-02-28,3504.67,739.99,2764.67,0,Sara,Thompson,411-84-0797,armstronglisa@example.org,3.0,2025-05-30,42056,True,3.0,HR,3504.6666666666665,0.788853158785278,0.21114398787902997,0.0,1.000000951112802,0,0.1765316879481339
65,65,2026-02-28,6015.58,913.23,5102.35,0,Nancy,Knight,756-50-5894,mitchellanthony@example.org,4.0,2021-09-11,72187,True,4.0,Finance,6015.583333333333,0.8481892020387062,0.15181079796129385,0.0,0.9999994458836079,0,0.12789596647874685
66,66,2026-02-28,6695.25,1588.2,5107.05,0,Lindsay,Walker,142-64-2987,ilynn@example.net,3.0,2022-11-04,80343,True,3.0,HR,6695.25,0.7627870505208917,0.23721294947910834,0.0,1.0,0,0.1368136799173364
67,67,2026-02-28,4909.92,1194.15,3715.77,0,Matthew,Bailey,377-27-7518,davisjessica@example.org,2.0,2026-01-02,58919,True,2.0,Engineering,4909.916666666667,0.7567882979763417,0.24321170202365824,0.0,1.0000006788981484,0,0.1614360361748497
68,68,2026-02-28,6254.33,1291.6,4962.73,0,Patrick,Brown,384-90-4150,hendersongregg@example.net,3.0,2025-05-13,75052,True,3.0,HR,6254.333333333333,0.79348707215641,0.20651292784358996,0.0,0.9999994670361882,0,0.17516849337934814
69,69,2026-02-28,5452.0,1197.61,4254.39,0,Antonio,Barnes,806-43-5247,william66@example.org,3.0,2022-08-07,65424,True,3.0,HR,5452.0,0.7803356566397652,0.21966434336023477,0.0,1.0,0,0.21363692398379008
70,70,2026-02-28,4193.58,1015.9,3177.69,0,Marissa,James,325-08-1324,glennashley@example.com,2.0,2025-09-08,50323,True,2.0,Engineering,4193.583333333333,0.7577511338760677,0.2422512507213407,0.0,0.9999992051348291,0,0.15719688294400325
71,71,2026-02-28,5451.67,1203.31,4248.35,0,Alexandra,Miles,303-09-6893,varmstrong@example.org,3.0,2021-05-26,65420,True,3.0,HR,5451.666666666667,0.7792749744573682,0.22072319124231657,0.0,1.0000006114338122,0,0.2090373411014123
72,72,2026-02-28,7246.99,1526.73,5720.26,5,Sean,Mitchell,147-79-9864,tracymills@example.org,1.0,2021-09-02,83070,True,1.0,Sales,6922.5,0.7893290869726605,0.21067091302733965,0.03125,1.0468746840014445,0,0.058913249017154334
73,73,2026-02-28,4955.17,953.44,4001.73,0,Joseph,Wood,270-69-8647,kellygomez@example.com,5.0,2024-11-19,59462,True,5.0,Operations,4955.166666666667,0.8075868234591346,0.1924131765408654,0.0,1.0000006726985302,0,0.20150257012410455
74,74,2026-02-28,8259.95,2052.47,6207.49,20,Justin,Gentry,001-31-4523,ryan50@example.org,2.0,2024-06-20,83469,True,2.0,Engineering,6955.75,0.7515166556698284,0.24848455499125294,0.125,1.1874995507314094,1,-0.07334950546419505
75,75,2026-02-28,2617.19,633.58,1983.61,5,Rebecca,Craig,676-18-8322,stacylewis@example.net,5.0,2022-10-27,30000,True,5.0,Operations,2500.0,0.7579159327370194,0.24208406726298054,0.03125,1.046876,1,-0.014224869523167927
76,76,2026-02-28,6027.33,1428.42,4598.92,0,Samantha,Baker,608-13-4121,jeremyrowe@example.net,2.0,2023-06-07,72328,True,2.0,Engineering,6027.333333333333,0.7630111508744336,0.23699050823498963,0.0,0.9999994469638315,0,0.16097365249546852
77,77,2026-02-28,5587.7,868.75,4718.94,10,Theodore,Thompson,533-52-8716,randy45@example.com,2.0,2021-05-30,61305,True,2.0,Engineering,5108.75,0.8445227911305188,0.1554754192243678,0.0625,1.0937509175434303,0,0.058012196130403315
78,78,2026-02-28,4626.17,848.99,3777.17,0,Christopher,Vincent,400-28-9076,rrush@example.net,4.0,2025-11-25,55514,True,4.0,Finance,4626.166666666667,0.8164788583212463,0.1835189800634218,0.0,1.0000007205389632,0,0.20341557794135467
79,79,2026-02-28,5114.67,1177.83,3936.83,0,Frank,Wilson,752-82-8286,grahamkyle@example.org,4.0,2021-12-23,61376,True,4.0,Finance,5114.666666666667,0.7697133930439305,0.230284651795717,0.0,1.0000006517205422,0,0.19475386199383293
80,80,2026-02-28,2515.5,461.22,2054.28,0,Dawn,Williams,705-88-0885,curtis92@example.net,3.0,2025-04-26,30186,True,3.0,HR,2515.5,0.8166487775790102,0.18335122242098986,0.0,1.0,0,0.08351570299535638
81,81,2026-02-28,4725.33,896.95,3828.39,0,Lindsay,Carpenter,033-94-2944,ymitchell@example.org,5.0,2022-10-16,56704,True,5.0,Operations,4725.333333333333,0.8101846855140276,0.18981743074028692,0.0,0.9999992945823928,0,0.20299482923480644
82,82,2026-02-28,5446.33,1109.63,4336.7,0,William,Watson,274-83-9873,jessicaduncan@example.org,2.0,2023-12-10,65356,True,2.0,Engineering,5446.333333333333,0.7962609683952313,0.20373903160476875,0.0,0.9999993879674399,0,0.20368440598402254
83,83,2026-02-28,7489.27,1675.73,5813.55,10,Joseph,Pennington,510-94-1353,kevin21@example.org,3.0,2022-05-01,82168,True,3.0,HR,6847.333333333333,0.7762505557951576,0.22375077944846425,0.0625,1.093749878298121,0,0.038262436832086966
84,84,2026-02-28,4556.09,889.55,3666.54,5,Anna,Frey,341-23-4382,egarcia@example.net,1.0,2022-10-09,52225,True,1.0,Sales,4352.083333333333,0.8047558323035761,0.1952441676964239,0.03125,1.0468756342747727,0,0.11869528365097237
85,85,2026-02-28,3989.33,654.59,3334.74,0,Heather,Marks,580-38-7076,alison81@example.com,2.0,2025-03-19,47872,True,2.0,Engineering,3989.3333333333335,0.835914802736299,0.16408519726370094,0.0,0.9999991644385026,0,0.1642094380416229
86,86,2026-02-28,4577.72,878.43,3699.29,5,Amber,Snyder,221-35-5875,crystalgonzalez@example.com,1.0,2021-08-14,52473,True,1.0,Sales,4372.75,0.8081075295125083,0.19189247048749156,0.03125,1.0468743925447372,0,0.11489686130838711
87,87,2026-02-28,7008.29,1060.42,5947.87,15,David,Williamson,744-28-5007,jwilliams@example.org,3.0,2022-07-27,73731,True,3.0,HR,6144.25,0.8486906221061058,0.15130937789389423,0.09375,1.1406257883386905,1,-0.004887163927502214
88,88,2026-02-28,5664.55,1394.09,4270.47,5,Grace,Meyer,543-83-4118,hcook@example.org,4.0,2022-11-19,64931,True,4.0,Finance,5410.916666666667,0.7538939545065363,0.24610781085876193,0.03125,1.0468743743358333,0,0.08262315994788405
89,89,2026-02-28,4337.75,715.15,3622.6,0,Heather,Brown,428-86-9524,jeffreypowell@example.net,3.0,2023-01-30,52053,True,3.0,HR,4337.75,0.8351334217048009,0.16486657829519913,0.0,1.0,0,0.18067136963895342
90,90,2026-02-28,5641.58,1080.15,4561.43,0,Misty,White,890-11-0043,amy83@example.org,1.0,2023-08-17,67699,True,1.0,Sales,5641.583333333333,0.8085376791608025,0.19146232083919754,0.0,0.9999994091493227,0,0.19420873286307327
91,91,2026-02-28,5121.33,811.91,4309.42,0,Julie,Bell,375-29-2017,lisa97@example.net,2.0,2021-10-02,61456,True,2.0,Engineering,5121.333333333333,0.8414650100657447,0.15853498993425535,0.0,0.9999993491278314,0,0.16625660187764046
92,92,2026-02-28,6210.75,1550.75,4660.0,0,Jeffrey,Lynch,580-29-6621,rachelgomez@example.net,5.0,2025-08-31,74529,True,5.0,Operations,6210.75,0.750311959103168,0.2496880408968321,0.0,1.0,0,0.11798951148674724
93,93,2026-02-28,4122.42,825.39,3297.03,0,Christina,Johnson,804-08-9915,bzavala@example.org,3.0,2022-10-18,49469,True,3.0,HR,4122.416666666667,0.7997802261778276,0.2002197738221724,0.0,1.0000008085871959,0,0.1897535068486011
94,94,2026-02-28,4805.59,1081.24,3724.35,5,Daniel,Brown,062-19-3327,daniel28@example.org,2.0,2024-08-22,55085,True,2.0,Engineering,4590.416666666667,0.775003693615144,0.22499630638485596,0.03125,1.0468744667332304,0,0.1290413673096515
95,95,2026-02-28,4932.63,833.95,4098.68,10,Charles,Morton,704-77-9376,matthewruiz@example.com,4.0,2025-04-19,54118,True,4.0,Finance,4509.833333333333,0.8309319774643548,0.1690680225356453,0.0625,1.0937499538046491,0,0.0915996459203775
96,96,2026-02-28,3170.58,625.26,2545.32,0,Steve,Schmidt,420-91-7138,lori75@example.com,4.0,2023-12-21,38047,True,4.0,Finance,3170.5833333333335,0.8027931797967565,0.19720682020324357,0.0,0.9999989486687517,0,0.14941014744069098
97,97,2026-02-28,5621.81,1279.26,4342.55,5,Diane,Brown,227-51-5047,michael73@example.com,4.0,2022-11-16,64441,True,4.0,Finance,5370.083333333333,0.7724469521381904,0.2275530478618096,0.03125,1.046875746807157,0,0.12740162048317466
98,98,2026-02-28,5825.59,1107.31,4718.28,10,Ryan,Mcguire,445-21-8142,dwilkinson@example.net,2.0,2025-07-31,63915,True,2.0,Engineering,5326.25,0.8099231150836224,0.19007688491637756,0.0625,1.093750762731753,0,0.107984078104635
99,99,2026-02-28,5006.33,1031.12,3975.21,0,Nicholas,Santiago,302-10-1050,pburke@example.org,3.0,2023-07-14,60076,True,3.0,HR,5006.333333333333,0.7940367494751644,0.20596325052483555,0.0,0.9999993341767095,0,0.202325649464416
100,100,2026-02-28,4927.38,1163.74,3763.64,5,Michael,Jones,542-18-1548,jconner@example.com,2.0,2024-04-22,56481,True,2.0,Engineering,4706.75,0.7638217470542153,0.23617825294578457,0.03125,1.0468752323790302,0,0.1260963413818872
101,101,2026-02-28,3230.75,790.28,2440.47,0,Emily,Allen,572-57-1638,portercourtney@example.org,2.0,2023-02-05,38769,True,2.0,Engineering,3230.75,0.7553880677861177,0.24461193221388222,0.0,1.0,0,0.11766217872554702
102,102,2026-02-28,4474.17,838.15,3636.02,0,Sarah,Clayton,271-22-3015,jenna13@example.org,5.0,2021-06-11,53690,True,5.0,Operations,4474.166666666667,0.8126691654541512,0.18733083454584873,0.0,1.0000007450176942,0,0.19781805603239994
103,103,2026-02-28,4571.58,809.51,3762.07,0,Eddie,Hutchinson,028-46-1603,katherineburch@example.net,5.0,2023-12-07,54859,True,5.0,Operations,4571.583333333333,0.8229255530910539,0.17707444690894614,0.0,0.9999992708580179,0,0.1881435496204048
104,104,2026-02-28,3997.08,856.97,3140.11,0,Marc,Wallace,297-72-9460,dgeorge@example.com,3.0,2023-04-23,47965,True,3.0,HR,3997.0833333333335,0.785600988721767,0.21439901127823313,0.0,0.9999991660585843,0,0.1972757064438927
105,105,2026-02-28,5023.26,831.93,4191.33,5,Susan,Leon,260-53-2244,peterroberts@example.net,5.0,2023-01-09,57580,True,5.0,Operations,4798.333333333333,0.8343844435685192,0.16561555643148074,0.03125,1.0468759986106289,0,0.08503897437730668
106,106,2026-02-28,5505.0,1219.89,4285.11,0,George,Long,515-08-4647,hfuller@example.com,4.0,2021-07-16,66060,True,4.0,Finance,5505.0,0.7784032697547684,0.22159673024523163,0.0,1.0,0,0.20796504150068906
107,107,2026-02-28,7357.67,1588.46,5769.2,0,Nicole,Mullins,646-42-6498,lvasquez@example.org,5.0,2021-12-26,88292,True,5.0,Operations,7357.666666666667,0.7841069251542947,0.2158917157197863,0.0,1.0000004530421782,0,0.11750904761642483
108,108,2026-02-28,5218.17,796.86,4421.3,0,Kent,Ellis,162-54-1118,theresahaas@example.org,4.0,2023-02-24,62618,True,4.0,Finance,5218.166666666667,0.8472893753940558,0.15270870822529736,0.0,1.000000638793957,0,0.150104430355805
109,109,2026-02-28,5321.92,916.42,4405.5,0,Diana,Drake,021-41-8619,houstoncaitlyn@example.com,3.0,2021-10-14,63863,True,3.0,HR,5321.916666666667,0.8278027478804642,0.1721972521195358,0.0,1.0000006263407606,0,0.19150315537105395
110,110,2026-02-28,4906.92,849.42,4057.49,0,Todd,Kennedy,893-91-9869,joneswendy@example.net,2.0,2021-08-28,58883,True,2.0,Engineering,4906.916666666667,0.8268914104978276,0.1731065515639138,0.0,1.0000006793132143,0,0.19280287291558923
111,111,2026-02-28,2723.45,436.87,2286.58,5,Elizabeth,Ross,610-39-8926,qwalker@example.org,2.0,2022-05-28,31218,True,2.0,Engineering,2601.5,0.8395894912702638,0.1604105087297362,0.03125,1.0468768018450894,1,-0.03483436945778051
112,112,2026-02-28,4966.83,1142.33,3824.5,0,James,Shepherd,251-58-8165,adamstyler@example.net,5.0,2023-02-10,59602,True,5.0,Operations,4966.833333333333,0.7700082346285256,0.22999176537147434,0.0,0.9999993288815812,0,0.19239900797087262
113,113,2026-02-28,5313.15,923.52,4389.63,5,Colin,Smith,386-37-6803,melissa25@example.net,4.0,2023-03-10,60903,True,4.0,Finance,5075.25,0.8261822082945146,0.17381779170548545,0.03125,1.0468745382000886,0,0.10438542523563643
114,114,2026-02-28,8079.0,1292.19,6786.81,0,Gary,Lawson,384-47-9161,parsonsshannon@example.com,1.0,2021-10-13,96948,True,1.0,Sales,8079.0,0.8400556999628668,0.1599443000371333,0.0,1.0,0,0.05878873334908252
115,115,2026-02-28,5428.8,1029.94,4398.86,15,Jillian,Williams,422-97-8803,yhamilton@example.net,1.0,2024-05-15,57114,True,1.0,Sales,4759.5,0.8102821986442675,0.1897178013557324,0.09375,1.1406240151276394,0,0.08556701304969472
116,116,2026-02-28,5376.92,1165.76,4211.16,0,Kevin,Carter,062-02-1790,kristy14@example.net,1.0,2024-05-21,64523,True,1.0,Sales,5376.916666666667,0.783191864487476,0.2168081355125239,0.0,1.000000619933977,0,0.2122356877396498
117,117,2026-02-28,5188.92,1243.44,3945.48,5,Christopher,Carey,832-42-7188,cjackson@example.net,2.0,2024-09-28,59479,True,2.0,Engineering,4956.583333333333,0.7603663190027983,0.23963368099720173,0.03125,1.0468743590174685,0,0.1020153792463856
118,118,2026-02-28,3539.08,535.46,3003.62,0,Robert,Moore,425-49-5809,igardner@example.com,2.0,2024-08-05,42469,True,2.0,Engineering,3539.0833333333335,0.848700792296303,0.151299207703697,0.0,0.999999058136523,0,0.09229418891799168
119,119,2026-02-28,6428.5,1097.91,5330.59,0,Sarah,Davis,244-25-1457,judith33@example.org,4.0,2023-03-01,77142,True,4.0,Finance,6428.5,0.8292121023566928,0.17078789764330715,0.0,1.0,0,0.14658887699324247
120,120,2026-02-28,5939.83,906.73,5033.1,0,Rebecca,Mckenzie,135-51-1986,bridgetmaynard@example.net,5.0,2021-08-09,71278,True,5.0,Operations,5939.833333333333,0.847347483008773,0.15265251699122703,0.0,0.9999994388170264,0,0.1301399815612055
121,121,2026-02-28,5988.75,1006.97,4981.78,0,Mia,Brooks,691-36-2875,woodwardmichael@example.org,1.0,2025-02-16,71865,True,1.0,Sales,5988.75,0.8318563974118138,0.1681436025881862,0.0,1.0,0,0.16886714690796656
122,122,2026-02-28,4587.61,807.15,3780.45,20,Lori,Kennedy,304-78-4111,rkelley@example.org,4.0,2024-01-23,46359,True,4.0,Finance,3863.25,0.8240565348841772,0.17594128533157788,0.125,1.1875001617808838,1,-0.0011264434363366105
123,123,2026-02-28,6753.42,1269.43,5483.98,0,Holly,Wood,608-12-1710,thomas42@example.org,4.0,2023-11-16,81041,True,4.0,Finance,6753.416666666667,0.8120300529213346,0.187968466347421,0.0,1.000000493577325,0,0.14331477114123586
124,124,2026-02-28,3247.67,678.86,2568.81,0,Benjamin,Lopez,694-11-7807,kingdevin@example.org,5.0,2022-06-12,38972,True,5.0,Operations,3247.6666666666665,0.7909701416707978,0.20902985832920218,0.0,1.0000010263779124,0,0.1692008824660151
125,125,2026-02-28,5733.5,1013.72,4719.78,0,Shane,Clark,434-88-6913,ogarrett@example.org,4.0,2025-10-02,68802,True,4.0,Finance,5733.5,0.8231935118165169,0.17680648818348305,0.0,1.0,0,0.19246223320729172
126,126,2026-02-28,8826.16,1583.82,7242.33,15,Joan,Bailey,881-91-0815,holly83@example.com,5.0,2022-10-28,92856,True,5.0,Operations,7738.0,0.8205527658687357,0.17944610113571474,0.09375,1.1406254846213493,1,-0.04896440525668311
127,127,2026-02-28,3761.75,921.05,2840.7,0,Jeremy,Wade,327-43-8139,johnny13@example.org,3.0,2025-03-28,45141,True,3.0,HR,3761.75,0.7551538512660331,0.2448461487339669,0.0,1.0,0,0.14542065053657172
128,128,2026-02-28,4292.08,971.56,3320.52,0,Susan,Rhodes,313-85-0349,emily39@example.com,5.0,2025-04-27,51505,True,5.0,Operations,4292.083333333333,0.7736388883711394,0.22636111162886058,0.0,0.9999992233763713,0,0.19200985309428703
129,129,2026-02-28,5124.5,840.48,4284.02,0,Matthew,Rojas,050-17-1885,millermarissa@example.org,1.0,2022-03-19,61494,True,1.0,Sales,5124.5,0.8359879012586595,0.16401209874134062,0.0,1.0,0,0.19187899907389883
130,130,2026-02-28,4370.58,1035.16,3335.42,0,Mary,Graham,851-47-3076,elizabethelliott@example.org,1.0,2022-01-11,52447,True,1.0,Sales,4370.583333333333,0.7631527165730865,0.2368472834269136,0.0,0.9999992373252998,0,0.17771356414795358
131,131,2026-02-28,3635.73,643.04,2992.69,20,Jonathan,White,633-91-9711,penasamuel@example.org,5.0,2024-05-02,36740,True,5.0,Operations,3061.6666666666665,0.8231331809567818,0.17686681904321827,0.125,1.1875002721829069,1,-0.040590328751219706
132,132,2026-02-28,5085.67,1038.31,4047.36,0,Tyler,Morris,722-21-2657,xdickson@example.org,3.0,2025-11-03,61028,True,3.0,HR,5085.666666666667,0.7958361435169801,0.20416385648301993,0.0,1.0000006554368486,0,0.2029500377535141
133,133,2026-02-28,3672.08,783.43,2888.65,0,Elizabeth,Carroll,135-44-5645,charlesbird@example.net,3.0,2022-08-26,44065,True,3.0,HR,3672.0833333333335,0.7866522515849328,0.2133477484150672,0.0,0.999999092250085,0,0.1788234700363065
134,134,2026-02-28,5591.92,983.0,4608.92,0,Kimberly,Rice,887-19-6732,lauren65@example.net,1.0,2025-09-12,67103,True,1.0,Sales,5591.916666666667,0.8242106467903689,0.17578935320963104,0.0,1.000000596098535,0,0.18902347756322618
135,135,2026-02-28,3850.67,631.26,3219.41,0,Thomas,Sanchez,046-75-6892,harveysteven@example.net,3.0,2025-10-20,46208,True,3.0,HR,3850.6666666666665,0.8360648926031053,0.16393510739689457,0.0,1.0000008656509696,0,0.15928514407850614
136,136,2026-02-28,7912.99,1402.43,6510.57,15,Kimberly,Weaver,615-65-4980,debra15@example.com,4.0,2021-06-17,83249,True,4.0,Finance,6937.416666666667,0.8227699011372439,0.1772313626075605,0.09375,1.1406248723708392,0,0.0010646885516034654
137,137,2026-02-28,4020.92,970.77,3050.15,0,Luis,Ortiz,078-21-4763,heidi71@example.com,2.0,2023-01-21,48251,True,2.0,Engineering,4020.9166666666665,0.758570177969221,0.241429822030779,0.0,1.0000008289983628,0,0.15705962472986923
138,138,2026-02-28,4597.42,954.66,3642.76,0,Kristen,Spencer,633-34-2155,david93@example.org,4.0,2023-06-14,55169,True,4.0,Finance,4597.416666666667,0.7923487521261926,0.20765124787380748,0.0,1.0000007250448621,0,0.19959077670998027
139,139,2026-02-28,6016.83,1067.42,4949.41,0,Jasmin,Hernandez,807-87-4658,amycabrera@example.com,1.0,2023-07-07,72202,True,1.0,Sales,6016.833333333333,0.8225942896841028,0.17740571031589725,0.0,0.9999994459987258,0,0.16935712031941869
140,140,2026-02-28,3461.42,711.04,2750.38,0,Ruben,Becker,772-25-3673,gmiller@example.net,3.0,2021-12-18,41537,True,3.0,HR,3461.4166666666665,0.7945814145639651,0.20541858543603492,0.0,1.0000009629968463,0,0.17729959287716368
141,141,2026-02-28,5284.25,1136.86,4147.39,0,Caleb,Harris,150-92-8818,michaelmontes@example.org,5.0,2022-07-01,63411,True,5.0,Operations,5284.25,0.7848587784453802,0.21514122155461984,0.0,1.0,0,0.21522282709375573
142,142,2026-02-28,7255.85,1187.7,6068.15,10,William,Williams,172-15-5352,kevin76@example.com,2.0,2025-02-02,79607,True,2.0,Engineering,6633.916666666667,0.8363113901196965,0.16368860988030348,0.0625,1.0937505495747861,0,0.0515771790493067
143,143,2026-02-28,2990.58,717.75,2272.84,0,Anna,Yates,724-78-8094,ashley29@example.org,5.0,2024-03-18,35887,True,5.0,Operations,2990.5833333333335,0.7599997324933626,0.24000361133960638,0.0,0.9999988853902526,0,0.0954056224626228
144,144,2026-02-28,6211.52,1499.72,4711.8,20,Andrea,Winters,036-47-7076,tgeorge@example.net,1.0,2026-01-20,62769,True,1.0,Sales,5230.75,0.7585582916902787,0.24144170830972128,0.125,1.1875008364001338,0,0.0
145,145,2026-02-28,5324.83,1021.71,4303.12,0,Antonio,Kelley,295-36-4687,vdelgado@example.com,3.0,2025-07-30,63898,True,3.0,HR,5324.833333333333,0.8081234518285091,0.19187654817149094,0.0,0.9999993740023162,0,0.19656780466208157
146,146,2026-02-28,6537.62,1089.35,5448.26,10,Monica,Smith,333-70-4746,klarson@example.net,5.0,2025-01-16,71727,True,5.0,Operations,5977.25,0.8333705538101022,0.1666279165812635,0.0625,1.0937504705341086,0,0.07119869892884467
147,147,2026-02-28,3453.75,772.96,2680.79,0,Larry,Stone,388-64-5987,twallace@example.org,5.0,2023-12-25,41445,True,5.0,Operations,3453.75,0.7761968874411871,0.22380311255881288,0.0,1.0,0,0.17456550344221733
148,148,2026-02-28,3349.42,530.15,2819.27,0,Victoria,Phillips,115-10-5432,montoyatammy@example.net,2.0,2023-06-02,40193,True,2.0,Engineering,3349.4166666666665,0.8417188647586746,0.15828113524132537,0.0,1.000000995198169,0,0.10642262366348132
149,149,2026-02-28,6182.33,1105.83,5076.5,10,Candice,Lambert,361-58-8894,ellischristian@example.com,2.0,2023-03-27,67829,True,2.0,Engineering,5652.416666666667,0.8211305446328487,0.1788694553671512,0.0625,1.09374987099913,0,0.09273913328857314
150,150,2026-02-28,5371.17,996.71,4374.45,0,Jill,Marshall,740-33-3734,gonzalezlisa@example.com,3.0,2023-02-01,64454,True,3.0,HR,5371.166666666667,0.8144314925798289,0.18556664562841987,0.0,1.0000006205976355,0,0.2005270805404054
151,151,2026-02-28,5313.08,1179.0,4134.09,15,Jerry,Perkins,423-26-0210,nancy66@example.org,2.0,2025-07-04,63757,True,2.0,Engineering,5313.083333333333,0.7780966972076461,0.22190518493980893,0.09375,0.9999993726179086,0,0.08368104260392806
152,152,2026-02-28,5433.0,976.38,4456.62,0,Benjamin,Monroe,768-93-0876,ebenton@example.org,5.0,2025-02-10,65196,True,5.0,Operations,5433.0,0.820287134180011,0.17971286581998897,0.0,1.0,0,0.202226185572486
153,153,2026-02-28,4149.92,857.54,3292.38,0,Roger,Mckay,084-69-4788,christopher26@example.com,5.0,2024-04-22,49799,True,5.0,Operations,4149.916666666667,0.7933598719975324,0.2066401280024675,0.0,1.0000008032289804,0,0.1973769986957411
154,154,2026-02-28,6282.17,961.92,5320.26,20,Joseph,Carroll,728-87-9522,dsmith@example.net,1.0,2022-08-08,63483,True,1.0,Sales,5290.25,0.8468825262608303,0.15311906554582252,0.125,1.1874996455744058,1,-0.01569765612383278
155,155,2026-02-28,5869.43,1171.75,4697.67,10,Cheryl,Foster,547-20-5293,kevin68@example.org,5.0,2022-03-01,64396,True,5.0,Operations,5366.333333333333,0.8003622157517851,0.199636080505262,0.0625,1.0937505435120194,0,0.11596525135290103
156,156,2026-02-28,4107.0,861.17,3245.83,0,Thomas,Miller,107-88-8712,marcbryan@example.com,3.0,2022-12-30,49284,True,3.0,HR,4107.0,0.7903165327489652,0.20968346725103482,0.0,1.0,0,0.2040685052336867
157,157,2026-02-28,7332.17,1344.9,5987.27,0,James,Smith,196-08-3584,monicadavid@example.net,4.0,2022-08-31,87986,True,4.0,Finance,7332.166666666667,0.8165754476505591,0.1834245523494409,0.0,1.00000045461778,0,0.11061345652140153
158,158,2026-02-28,5592.25,1269.95,4322.3,0,Ryan,Johnson,592-02-4274,ihaynes@example.net,1.0,2026-02-08,67107,True,1.0,Sales,5592.25,0.7729089364745854,0.22709106352541464,0.0,1.0,0,0.19422514572613547
159,159,2026-02-28,3510.83,564.05,2946.78,0,Jessica,Wilcox,270-52-0493,thomaschristopher@example.net,1.0,2021-10-11,42130,True,1.0,Sales,3510.8333333333335,0.839339985131721,0.160660014868279,0.0,0.9999990505577973,0,0.12758139673858354
160,160,2026-02-28,5820.67,916.84,4903.83,0,Brian,Taylor,740-06-1136,walter09@example.org,3.0,2024-04-24,69848,True,3.0,HR,5820.666666666667,0.842485487065922,0.15751451293407803,0.0,1.000000572672088,0,0.14247224206642278
161,161,2026-02-28,3781.58,842.61,2938.98,0,William,Williams,673-91-1308,ularson@example.com,3.0,2024-04-21,45379,True,3.0,HR,3781.5833333333335,0.777183082203735,0.22281956219358046,0.0,0.9999991185350051,0,0.18261522336041286
162,162,2026-02-28,5983.83,1194.07,4789.76,0,Susan,Wright,466-49-4211,sarahstevenson@example.org,2.0,2024-05-22,71806,True,2.0,Engineering,5983.833333333333,0.8004505475590049,0.19954945244099515,0.0,0.9999994429434866,0,0.19603720661995322
163,163,2026-02-28,6448.17,1411.12,5037.05,0,Scott,Morgan,702-01-6362,michael31@example.net,1.0,2022-02-10,77378,True,1.0,Sales,6448.166666666667,0.7811596158289872,0.21884038417101284,0.0,1.0000005169428003,0,0.16583029355007634
164,164,2026-02-28,3974.08,768.92,3205.17,0,Erin,White,280-75-8951,davidmalone@example.com,2.0,2021-11-28,47689,True,2.0,Engineering,3974.0833333333335,0.8065187414445608,0.1934837748610999,0.0,0.9999991612321499,0,0.176655211063652
165,165,2026-02-28,6204.17,1083.5,5120.67,0,Crystal,Small,839-36-2683,triciamueller@example.net,5.0,2024-03-06,74450,True,5.0,Operations,6204.166666666667,0.8253593953744014,0.17464060462559858,0.0,1.0000005372733378,0,0.15487554162136624
166,166,2026-02-28,5515.92,1279.2,4236.72,0,Kayla,Wheeler,350-34-3147,suarezjennifer@example.org,1.0,2023-05-21,66191,True,1.0,Sales,5515.916666666667,0.7680894574250533,0.2319105425749467,0.0,1.0000006043117644,0,0.18532231418193496
167,167,2026-02-28,6875.12,1279.44,5595.68,15,Daniel,Barton,550-51-6978,ajohnson@example.com,1.0,2023-01-23,72330,True,1.0,Sales,6027.5,0.813902884604196,0.186097115395804,0.09375,1.1406254666113647,0,0.05368988167117672
168,168,2026-02-28,7370.92,1173.14,6197.77,0,Regina,Cortez,359-39-4449,gwatson@example.com,4.0,2023-07-16,88451,True,4.0,Finance,7370.916666666667,0.8408407634325159,0.15915787988473626,0.0,1.000000452227787,0,0.09303656887564588
169,169,2026-02-28,4693.25,1134.51,3558.74,0,Bethany,Jones,080-82-9423,robert25@example.org,1.0,2023-02-02,56319,True,1.0,Sales,4693.25,0.7582677249240931,0.2417322750759069,0.0,1.0,0,0.16332468019548702
170,170,2026-02-28,4057.75,664.18,3393.57,0,Justin,Wilson,723-38-3713,kevin92@example.net,5.0,2024-07-11,48693,True,5.0,Operations,4057.75,0.8363181566138871,0.16368184338611297,0.0,1.0,0,0.1701507326305256
171,171,2026-02-28,3888.08,952.67,2935.41,0,Adam,Stewart,735-66-3032,pburton@example.net,2.0,2024-10-11,46657,True,2.0,Engineering,3888.0833333333335,0.7549767494495998,0.2450232505504002,0.0,0.999999142679555,0,0.14342541539090037
172,172,2026-02-28,3980.17,774.54,3205.62,0,Jerome,Torres,850-42-1158,justin79@example.org,2.0,2022-02-22,47762,True,2.0,Engineering,3980.1666666666665,0.8053977593921867,0.19459972815231508,0.0,1.0000008374858675,0,0.18540250392400104
173,173,2026-02-28,4903.58,826.32,4077.26,0,Timothy,Montoya,164-57-6944,daviskenneth@example.net,4.0,2021-04-17,58843,True,4.0,Finance,4903.583333333333,0.8314863834178294,0.1685136165821706,0.0,0.9999993202250056,0,0.18169077804556788
174,174,2026-02-28,6698.23,1573.55,5124.69,25,Andrew,White,774-43-8262,stephentaylor@example.org,5.0,2021-12-29,65117,True,5.0,Operations,5426.416666666667,0.7650812229499435,0.23492026998177132,0.15625,1.2343744337116267,1,-0.04995286578661351
175,175,2026-02-28,5596.42,963.26,4633.16,5,Daniel,White,462-33-2937,andrewcook@example.com,2.0,2024-01-25,64150,True,2.0,Engineering,5345.833333333333,0.8278792513785598,0.17212074862144014,0.03125,1.0468751363990647,0,0.10343071546156746
176,176,2026-02-28,6033.92,1501.04,4532.88,0,Lawrence,Perez,378-63-0065,joshuaclay@example.com,3.0,2021-11-11,72407,True,3.0,HR,6033.916666666667,0.7512330292745015,0.2487669707254985,0.0,1.0000005524327757,0,0.12223772440620412
177,177,2026-02-28,5251.39,1158.23,4093.15,5,Patrick,Guerrero,817-94-8965,harrisoncarla@example.org,5.0,2025-03-04,60195,True,5.0,Operations,5016.25,0.779441252696905,0.22055684304536513,0.03125,1.0468756541240967,0,0.14066599586207523
178,178,2026-02-28,6816.92,1653.27,5163.65,0,Juan,Green,706-26-9625,cmcconnell@example.org,5.0,2023-08-31,81803,True,5.0,Operations,6816.916666666667,0.7574755168023095,0.24252448319769046,0.0,1.0000004889796217,0,0.10103970360478814
179,179,2026-02-28,4669.17,784.69,3884.48,0,Allison,Mason,865-90-2524,gbullock@example.net,4.0,2023-07-13,56030,True,4.0,Finance,4669.166666666667,0.8319422938123906,0.16805770618760937,0.0,1.000000713903266,0,0.18671743111695677
180,180,2026-02-28,8400.17,1737.11,6663.06,0,Joshua,Boyd,726-32-1642,alisha44@example.org,2.0,2023-04-10,100802,True,2.0,Engineering,8400.166666666666,0.7932053756054938,0.2067946243945063,0.0,1.0000003968175235,0,0.03978192694133842
181,181,2026-02-28,6053.12,1330.12,4722.99,5,Elizabeth,Joseph,595-84-9212,russellalicia@example.org,5.0,2025-12-15,69385,True,5.0,Operations,5782.083333333333,0.7802571235990695,0.21974122436032986,0.03125,1.0468752612236074,0,0.12635711119968018
182,182,2026-02-28,3928.5,706.09,3222.41,0,Amanda,Johnson,422-48-8938,petersonjohn@example.net,2.0,2022-04-06,47142,True,2.0,Engineering,3928.5,0.8202647320860379,0.17973526791396208,0.0,1.0,0,0.18493691165000958
183,183,2026-02-28,3661.33,887.65,2773.68,0,Seth,Carter,826-69-4844,joseph86@example.net,3.0,2023-07-03,43936,True,3.0,HR,3661.3333333333335,0.7575607770946623,0.24243922290533768,0.0,0.9999990895848506,0,0.1366009596277637
184,184,2026-02-28,6916.31,1610.75,5305.56,25,Melissa,Scott,052-57-4332,jacksonmeghan@example.net,4.0,2023-01-07,67237,True,4.0,Finance,5603.083333333333,0.7671084725814777,0.2328915274185223,0.15625,1.2343757157517439,1,-0.05102209881759601
185,185,2026-02-28,4720.67,725.57,3995.1,0,Jenna,Mejia,667-91-0171,dianereed@example.org,3.0,2024-10-06,56648,True,3.0,HR,4720.666666666667,0.8462993600484676,0.15370063995153233,0.0,1.0000007061149554,0,0.15312484228731954
186,186,2026-02-28,5892.5,1235.23,4657.27,0,Justin,Carpenter,857-34-4677,christinawells@example.net,4.0,2025-07-09,70710,True,4.0,Finance,5892.5,0.7903725074246924,0.2096274925753076,0.0,1.0,0,0.2011893470515388
187,187,2026-02-28,5591.5,967.33,4624.17,0,Linda,Rice,263-14-2883,richchristopher@example.net,5.0,2024-04-01,67098,True,5.0,Operations,5591.5,0.8269999105785567,0.17300008942144326,0.0,1.0,0,0.19291106004501468
188,188,2026-02-28,4908.92,795.52,4113.39,0,Frederick,Dixon,009-74-9524,jamesmccoy@example.net,4.0,2021-08-14,58907,True,4.0,Finance,4908.916666666667,0.8379419505716126,0.16205601232042893,0.0,1.0000006790364473,0,0.18124950646187354
189,189,2026-02-28,3941.5,621.56,3319.94,0,John,Lambert,281-46-1563,michael81@example.net,1.0,2022-07-28,47298,True,1.0,Sales,3941.5,0.8423036914880122,0.15769630851198782,0.0,1.0,0,0.15505142824355783
190,190,2026-02-28,3106.42,682.26,2424.16,0,Jennifer,Snow,068-48-1398,stephen93@example.org,2.0,2024-06-21,37277,True,2.0,Engineering,3106.4166666666665,0.7803709736609987,0.21962902633900117,0.0,1.0000010730477238,0,0.15447918963331114
191,191,2026-02-28,4441.83,817.24,3624.59,0,Rhonda,Young,525-41-9361,qjimenez@example.com,2.0,2025-07-31,53302,True,2.0,Engineering,4441.833333333333,0.8160127695116652,0.18398723048833476,0.0,0.999999249559116,0,0.18989250080234282
192,192,2026-02-28,6070.42,1350.53,4719.89,0,Joshua,Hunter,520-36-5561,fischerphilip@example.com,1.0,2025-06-30,72845,True,1.0,Sales,6070.416666666667,0.7775228073181099,0.2224771926818902,0.0,1.0000005491111263,0,0.1794123605459198
193,193,2026-02-28,5267.58,824.56,4443.02,0,Andrea,Morris,890-11-0991,bentonmark@example.com,3.0,2021-03-26,63211,True,3.0,HR,5267.583333333333,0.8434651206056673,0.15653487939433286,0.0,0.999999367198747,0,0.16092298016281953
194,194,2026-02-28,3442.75,624.96,2817.79,0,Adam,Henderson,873-98-4941,hbutler@example.com,1.0,2022-02-25,41313,True,1.0,Sales,3442.75,0.8184706992956212,0.18152930070437878,0.0,1.0,0,0.16407226231522043
195,195,2026-02-28,5949.98,1419.65,4530.32,15,Diane,Wilson,525-43-4753,fedwards@example.net,5.0,2021-07-31,62597,True,5.0,Operations,5216.416666666667,0.7614008786584157,0.23859744066366612,0.09375,1.1406259085898685,0,0.05985795540324734
196,196,2026-02-28,5481.58,1159.83,4321.76,0,Angela,Brown,690-94-8707,rcampbell@example.net,5.0,2024-08-11,65779,True,5.0,Operations,5481.583333333333,0.7884150190273608,0.21158680526417564,0.0,0.999999391903191,0,0.21014292849922706
197,197,2026-02-28,3895.17,675.02,3220.15,0,Sharon,Williams,364-33-2844,rjackson@example.org,2.0,2023-03-11,46742,True,2.0,Engineering,3895.1666666666665,0.8267033274542575,0.17329667254574255,0.0,1.0000008557614137,0,0.1642864393866681
198,198,2026-02-28,5192.08,791.48,4400.6,0,Karen,Leblanc,425-45-3448,robertsandrew@example.net,5.0,2023-07-27,62305,True,5.0,Operations,5192.083333333333,0.8475601300442213,0.1524398699557788,0.0,0.9999993579969505,0,0.1442052385545568
199,199,2026-02-28,5072.75,1202.29,3870.46,0,Anthony,Rhodes,174-57-3904,ywilliams@example.org,2.0,2025-07-19,60873,True,2.0,Engineering,5072.75,0.7629904883938692,0.2370095116061308,0.0,1.0,0,0.18705005177204487
200,200,2026-02-28,3571.25,543.28,3027.97,0,David,Dominguez,112-12-5052,brightalexander@example.com,1.0,2025-02-19,42855,True,1.0,Sales,3571.25,0.847873993699685,0.152126006300315,0.0,1.0,0,0.10927155682522544
201,201,2026-02-28,5447.17,1293.54,4153.63,0,Thomas,Hall,566-99-6769,0,1.0,2024-11-04,65366,True,1.0,Sales,5447.166666666667,0.7625299008475961,0.23747009915240389,0.0,1.0000006119389284,0,0.17297275429982129
202,202,2026-02-28,5700.92,1156.68,4544.24,0,Patricia,Turner,410-92-1218,kimberlybauer@example.org,1.0,2025-08-10,68411,True,1.0,Sales,5700.916666666667,0.7971064319443177,0.20289356805568226,0.0,1.0000005847012907,0,0.19732444909991154
203,203,2026-02-28,6353.75,1549.72,4804.03,0,Adam,Russell,222-61-3542,eric62@example.com,2.0,2023-12-23,76245,True,2.0,Engineering,6353.75,0.7560936454849498,0.24390635451505016,0.0,1.0,0,0.13259029368991415
204,204,2026-02-28,7501.73,1485.25,6016.48,20,Joshua,Shepherd,070-78-8442,travisgood@example.org,1.0,2021-04-09,75807,True,1.0,Sales,6317.25,0.8020123358212039,0.1979876641787961,0.125,1.1874993074518183,0,0.00267416330873671
205,205,2026-02-28,3277.83,697.36,2580.47,0,Amber,Davila,264-88-8200,brian19@example.com,1.0,2023-07-03,39334,True,1.0,Sales,3277.8333333333335,0.7872494912792914,0.21275050872070853,0.0,0.9999989830680835,0,0.17006368437416852
206,206,2026-02-28,3827.67,908.56,2919.1,0,Stephen,Manning,516-36-8260,danielcole@example.org,3.0,2025-10-01,45932,True,3.0,HR,3827.6666666666665,0.7626310523111971,0.237366335133384,0.0,1.0000008708525647,0,0.16885069595507746
207,207,2026-02-28,5643.75,1401.95,4241.8,0,Leslie,Bradley,577-58-1492,pturner@example.com,1.0,2023-02-14,67725,True,1.0,Sales,5643.75,0.7515924695459579,0.2484075304540421,0.0,1.0,0,0.1429288302033277
208,208,2026-02-28,5642.17,1279.8,4362.37,0,Edward,Thompson,520-18-4333,rachelwest@example.org,5.0,2025-11-04,67706,True,5.0,Operations,5642.166666666667,0.7731723787124457,0.22682762128755424,0.0,1.0000005907895901,0,0.19152041794053548
209,209,2026-02-28,5643.75,1082.34,4561.41,0,Leslie,Dalton,118-61-6095,chadruiz@example.org,2.0,2024-11-05,67725,True,2.0,Engineering,5643.75,0.8082232558139535,0.1917767441860465,0.0,1.0,0,0.19977482288164855
210,210,2026-02-28,9815.83,1885.97,7929.86,0,Emily,Johnson,219-22-5919,kim04@example.org,3.0,2025-09-04,117790,True,3.0,HR,9815.833333333334,0.8078644393800626,0.1921355606199374,0.0,0.9999996604125986,1,-0.04744202290523547
211,211,2026-02-28,5713.58,1278.46,4435.12,0,Kyle,Duffy,634-94-3642,jonesnicholas@example.org,4.0,2022-04-10,68563,True,4.0,Finance,5713.583333333333,0.776241865870435,0.22375813412956502,0.0,0.9999994165949565,0,0.19124837957885577
212,212,2026-02-28,6419.42,1116.19,5303.22,0,William,Vaughn,101-81-6612,carpenterryan@example.org,2.0,2023-02-06,77033,True,2.0,Engineering,6419.416666666667,0.8261213629891797,0.17387707923768814,0.0,1.0000005192579804,0,0.14453600093413366
213,213,2026-02-28,6192.5,997.29,5195.21,0,Carla,White,294-69-0780,parkertina@example.com,5.0,2023-02-14,74310,True,5.0,Operations,6192.5,0.8389519580137262,0.1610480419862737,0.0,1.0,0,0.14735529924889296
214,214,2026-02-28,6086.71,1093.36,4993.35,5,Jose,Lyons,199-98-3218,barbara16@example.org,2.0,2021-06-25,69770,True,2.0,Engineering,5814.166666666667,0.820369296385075,0.17963070361492495,0.03125,1.0468757345563995,0,0.09443353875479527
215,215,2026-02-28,4605.83,798.47,3807.36,0,Marc,Gibbs,848-42-7541,wolfeamy@example.org,5.0,2025-07-14,55270,True,5.0,Operations,4605.833333333333,0.8266392810850596,0.17336071891494043,0.0,0.9999992762800797,0,0.18336066509285753
216,216,2026-02-28,5948.67,917.34,5031.33,0,Samantha,Arnold,204-04-2376,jcastillo@example.net,5.0,2025-05-23,71384,True,5.0,Operations,5948.666666666667,0.8457907397788077,0.1542092602211923,0.0,1.0000005603496582,0,0.13084183223405177
217,217,2026-02-28,4033.92,612.3,3421.62,0,Jonathan,Lyons,493-63-4340,djenkins@example.org,4.0,2021-07-20,48407,True,4.0,Finance,4033.9166666666665,0.8482121608757734,0.15178783912422655,0.0,1.000000826326771,0,0.12153355524716347
218,218,2026-02-28,4703.92,1170.2,3533.71,0,Deborah,Hunter,428-55-3252,econner@example.org,2.0,2023-06-18,56447,True,2.0,Engineering,4703.916666666667,0.7512266365074236,0.24877123760608175,0.0,1.0000007086293337,0,0.14442405068682856
219,219,2026-02-28,4393.25,846.92,3546.33,0,Adam,Richardson,766-05-2771,sherry47@example.net,4.0,2022-11-19,52719,True,4.0,Finance,4393.25,0.8072224435213111,0.19277755647868888,0.0,1.0,0,0.2007918800231226
220,220,2026-02-28,5580.68,1367.24,4213.43,10,Janet,Garner,129-69-4990,johnsonmichael@example.com,4.0,2024-11-02,61228,True,4.0,Finance,5102.333333333333,0.7550029745479045,0.24499523355576738,0.0625,1.093750571633893,0,0.0696379452201219
221,221,2026-02-28,7893.25,1804.67,6088.58,0,Ronald,Aguilar,218-57-4579,nmorse@example.net,2.0,2026-01-01,94719,True,2.0,Engineering,7893.25,0.7713654071516802,0.22863459284831977,0.0,1.0,0,0.05630386379713559
222,222,2026-02-28,2665.92,511.21,2154.71,0,Paige,Petty,010-73-9105,cbell@example.com,1.0,2024-05-01,31991,True,1.0,Sales,2665.9166666666665,0.8082425579162166,0.19175744208378345,0.0,1.0000012503516615,0,0.08674459238602827
223,223,2026-02-28,6956.08,1732.88,5223.2,20,Jennifer,Rogers,433-31-9315,huntroger@example.net,1.0,2023-08-23,70293,True,1.0,Sales,5857.75,0.7508826810502467,0.24911731894975334,0.125,1.1875003200887713,1,-0.026549271182993772
224,224,2026-02-28,2984.08,516.75,2467.34,0,Joseph,Duncan,116-53-9777,larry55@example.net,4.0,2024-06-10,35809,True,4.0,Finance,2984.0833333333335,0.8268344012224874,0.17316894989410472,0.0,0.9999988829623837,0,0.08896193950073472
225,225,2026-02-28,4410.08,1077.27,3332.82,0,Jason,Trevino,843-59-1169,christina68@example.org,3.0,2025-11-07,52921,True,3.0,HR,4410.083333333333,0.755727787251025,0.24427448028153684,0.0,0.9999992441563841,0,0.1509809565403581
226,226,2026-02-28,7255.71,1216.44,6039.27,15,David,Smith,090-68-5069,dillonmonica@example.org,4.0,2025-10-07,76334,True,4.0,Finance,6361.166666666667,0.8323472134360387,0.16765278656396135,0.09375,1.1406256713915162,0,0.02644285029223037
227,227,2026-02-28,5080.33,874.06,4206.27,0,Isaac,Douglas,576-97-6208,annaschroeder@example.com,4.0,2024-09-27,60964,True,4.0,Finance,5080.333333333333,0.827952121220472,0.1720478787795281,0.0,0.9999993438750738,0,0.19291105472738612
228,228,2026-02-28,3652.75,616.01,3036.74,0,Megan,Galloway,379-66-5421,currychristine@example.org,4.0,2025-08-26,43833,True,4.0,Finance,3652.75,0.8313571966326739,0.16864280336732598,0.0,1.0,0,0.1585263160123444
229,229,2026-02-28,4490.76,1108.81,3381.94,10,Joshua,Jordan,856-71-3150,louis48@example.com,1.0,2023-06-06,49270,True,1.0,Sales,4105.833333333333,0.753088564073787,0.24690920913163916,0.0625,1.093751167038766,0,0.05360972976121592
230,230,2026-02-28,5849.42,1394.38,4455.04,0,Jermaine,Pitts,687-29-2327,wilsonchristine@example.org,1.0,2024-10-25,70193,True,1.0,Sales,5849.416666666667,0.7616208102683685,0.23837918973163152,0.0,1.000000569857393,0,0.15490486221840133
231,231,2026-02-28,4661.73,1052.73,3609.0,15,Nichole,Hines,137-03-9430,rodriguezkyle@example.org,1.0,2025-12-28,49044,True,1.0,Sales,4087.0,0.7741761105855552,0.22582388941444487,0.09375,1.1406239295326643,0,0.07675813013210364
232,232,2026-02-28,5517.55,1277.77,4239.78,5,Kimberly,Thompson,239-02-6829,krystaltaylor@example.net,4.0,2022-03-30,63246,True,4.0,Finance,5270.5,0.768417141666138,0.23158285833386194,0.03125,1.0468741106156911,0,0.13100403906538777
233,233,2026-02-28,5056.92,872.04,4184.88,0,Antonio,Morrow,423-63-2866,baileycastillo@example.org,3.0,2024-08-22,60683,True,3.0,HR,5056.916666666667,0.8275551125981823,0.1724448874018177,0.0,1.0000006591631923,0,0.1957725155673945
234,234,2026-02-28,4185.42,721.49,3463.93,0,Kyle,Adams,736-92-5358,carrmelissa@example.net,1.0,2021-06-07,50225,True,1.0,Sales,4185.416666666667,0.8276182557545001,0.17238174424549985,0.0,1.0000007964161273,0,0.1629026521488437
235,235,2026-02-28,7679.92,1564.38,6115.54,0,Kathryn,Chen,255-65-6145,wilsonjessica@example.org,2.0,2024-05-26,92159,True,2.0,Engineering,7679.916666666667,0.7963025656517255,0.20369743434827448,0.0,1.0000004340324873,0,0.0909442307010293
236,236,2026-02-28,6335.36,1506.21,4829.16,10,Clifford,Gill,334-90-2922,williamsronnie@example.net,2.0,2023-06-22,69508,True,2.0,Engineering,5792.333333333333,0.7622550257601778,0.2377465526820891,0.0625,1.0937492087241756,0,0.06935656799222711
237,237,2026-02-28,2500.0,441.4,2058.6,0,John,Martin,381-40-1200,adam05@example.net,2.0,2024-04-23,30000,True,2.0,Engineering,2500.0,0.82344,0.17656,0.0,1.0,0,0.07446918055358154
238,238,2026-02-28,5233.0,852.73,4380.27,0,Brandon,Leach,310-52-1895,vpham@example.net,5.0,2024-09-28,62796,True,5.0,Operations,5233.0,0.8370475826485764,0.16295241735142366,0.0,1.0,0,0.19081618447172255
239,239,2026-02-28,4172.75,996.76,3175.99,0,Kaitlyn,Anderson,849-80-2286,blake60@example.org,4.0,2024-09-12,50073,True,4.0,Finance,4172.75,0.7611263555209393,0.23887364447906057,0.0,1.0,0,0.16787084439757133
240,240,2026-02-28,6065.5,1489.48,4576.02,0,Monique,Gomez,234-84-6602,westleah@example.com,2.0,2023-07-01,72786,True,2.0,Engineering,6065.5,0.7544340944687166,0.2455659055312835,0.0,1.0,0,0.1402685300693241
241,241,2026-02-28,4761.08,908.63,3852.45,20,Matthew,Brooks,340-67-7798,herreradaniel@example.org,4.0,2025-09-07,48112,True,4.0,Finance,4009.3333333333335,0.8091546455846153,0.19084535441538475,0.125,1.1874991686065846,0,0.005568263639438187
242,242,2026-02-28,4856.5,909.47,3947.03,0,David,Singleton,598-22-7913,ronaldjoseph@example.org,2.0,2022-03-11,58278,True,2.0,Engineering,4856.5,0.8127313909193864,0.18726860908061363,0.0,1.0,0,0.20904019205080288
243,243,2026-02-28,6159.09,973.78,5185.31,10,Alexis,Mcdowell,143-29-3416,hammondlindsay@example.org,3.0,2025-12-29,67574,True,3.0,HR,5631.166666666667,0.8418954748185203,0.15810452518147972,0.0625,1.0937502589753456,0,0.05767912389318819
244,244,2026-02-28,6082.17,1046.24,5035.92,0,Ian,Lopez,055-15-4237,laurajackson@example.net,4.0,2023-10-12,72986,True,4.0,Finance,6082.166666666667,0.8279808029042266,0.1720175529457414,0.0,1.000000548050311,0,0.1581154935843101
245,245,2026-02-28,3499.58,764.05,2735.53,0,Rhonda,Warner,108-27-2880,barbara72@example.net,2.0,2026-01-30,41995,True,2.0,Engineering,3499.5833333333335,0.7816738008561028,0.21832619914389725,0.0,0.9999990475056554,0,0.17510892565016506
246,246,2026-02-28,4581.83,722.16,3859.68,0,Norma,Johnson,402-91-4527,lauren34@example.org,1.0,2021-10-10,54982,True,1.0,Sales,4581.833333333333,0.8423883033635032,0.15761387917054975,0.0,0.9999992724891783,0,0.16244765823751062
247,247,2026-02-28,4406.25,1036.0,3370.25,0,Michael,Martinez,198-10-0118,turnerthomas@example.com,4.0,2025-07-29,52875,True,4.0,Finance,4406.25,0.7648794326241135,0.23512056737588652,0.0,1.0,0,0.18757658616272577
248,248,2026-02-28,4183.33,834.64,3348.7,0,Andrew,Alvarez,209-07-0807,xparker@example.net,5.0,2024-12-11,50200,True,5.0,Operations,4183.333333333333,0.8004866936148953,0.19951569682525644,0.0,0.999999203187251,0,0.18720992250124674
249,249,2026-02-28,8220.2,1790.37,6429.83,15,Raymond,Ramirez,771-18-7626,emurphy@example.com,1.0,2022-05-09,86481,True,1.0,Sales,7206.75,0.7821987299579085,0.2178012700420914,0.09375,1.1406251084053145,0,0.0039413063559623485
250,250,2026-02-28,5506.17,1137.43,4368.74,0,Lisa,Thomas,586-13-3366,efox@example.net,1.0,2023-07-11,66074,True,1.0,Sales,5506.166666666667,0.7934262836054825,0.20657371639451744,0.0,1.0000006053818447,0,0.20315594984686813
251,251,2026-02-28,3905.31,917.98,2987.33,15,Julie,Bartlett,784-78-5407,stevensamanda@example.net,5.0,2023-06-11,41086,True,5.0,Operations,3423.8333333333335,0.7649405552952262,0.23505944470477377,0.09375,1.1406250304239887,0,0.03964653104389937
252,252,2026-02-28,6147.25,1455.23,4692.02,0,Carrie,Newman,889-07-4248,dweaver@example.com,1.0,2023-12-08,73767,True,1.0,Sales,6147.25,0.7632713815120583,0.23672861848794177,0.0,1.0,0,0.1677256135321603
253,253,2026-02-28,7652.67,1689.99,5962.68,0,John,Lopez,644-33-3341,gonzalezjohn@example.org,1.0,2021-11-01,91832,True,1.0,Sales,7652.666666666667,0.7791633508304945,0.22083664916950554,0.0,1.0000004355780119,0,0.09700637367195997
254,254,2026-02-28,6290.5,1470.1,4820.4,0,Cindy,Jones,018-54-5520,cconley@example.org,2.0,2021-06-07,75486,True,2.0,Engineering,6290.5,0.7662983864557665,0.23370161354423336,0.0,1.0,0,0.16392333047069008
255,255,2026-02-28,3100.75,681.38,2419.37,0,John,Rodriguez,053-04-0296,marilyn01@example.org,2.0,2024-07-19,37209,True,2.0,Engineering,3100.75,0.780253164556962,0.21974683544303797,0.0,1.0,0,0.16997094661935147
256,256,2026-02-28,4394.67,958.1,3436.57,0,Brandon,Moore,057-79-3256,elliottjanice@example.net,4.0,2023-02-14,52736,True,4.0,Finance,4394.666666666667,0.7819859056538944,0.21801409434610564,0.0,1.0000007584951456,0,0.19660855284794876
257,257,2026-02-28,6583.58,1394.81,5188.78,0,Joanna,Mercer,316-69-8381,xhartman@example.net,4.0,2022-09-28,79003,True,4.0,Finance,6583.583333333333,0.7881395836307905,0.2118619352996394,0.0,0.9999994936901131,0,0.1612025694125756
258,258,2026-02-28,4308.24,1025.74,3282.5,5,Luis,Watts,620-51-0421,joanwhitney@example.com,4.0,2024-04-21,49384,True,4.0,Finance,4115.333333333333,0.7619120568956234,0.23808794310437675,0.03125,1.0468751012473676,0,0.10796401626745505
259,259,2026-02-28,5815.13,1352.49,4462.64,5,Jackson,Gonzalez,885-30-8187,morrisstephanie@example.com,2.0,2023-08-18,66657,True,2.0,Engineering,5554.75,0.7674187851346402,0.23258121486535985,0.03125,1.046875196903551,0,0.12071742010798897
260,260,2026-02-28,5968.25,972.15,4996.1,0,Christopher,Anderson,545-85-8912,cwilliams@example.com,4.0,2024-01-20,71619,True,4.0,Finance,5968.25,0.8371130565911281,0.16288694340887194,0.0,1.0,0,0.15865133902370743
261,261,2026-02-28,3841.33,704.93,3136.4,0,Melanie,Brady,732-86-3485,david52@example.net,1.0,2021-12-03,46096,True,1.0,Sales,3841.3333333333335,0.8164880392988887,0.18351196070111134,0.0,0.999999132245748,0,0.17973894513208016
262,262,2026-02-28,4925.58,1105.06,3820.52,0,Jessica,Sims,125-10-5224,john49@example.net,2.0,2024-07-11,59107,True,2.0,Engineering,4925.583333333333,0.7756487560855777,0.22435124391442227,0.0,0.9999993232612043,0,0.2003348323094981
263,263,2026-02-28,2500.0,415.19,2084.81,0,Monica,Phillips,768-10-8913,alexahill@example.org,4.0,2023-01-22,30000,True,4.0,Finance,2500.0,0.833924,0.166076,0.0,1.0,0,0.06481709139047209
264,264,2026-02-28,3719.5,862.17,2857.33,0,Timothy,Hinton,620-37-7430,zachary11@example.org,1.0,2023-01-10,44634,True,1.0,Sales,3719.5,0.7682027154187391,0.23179728458126092,0.0,1.0,0,0.1721648088464035
265,265,2026-02-28,4684.25,1092.43,3591.82,0,Joshua,Dunn,496-01-6215,longshane@example.net,4.0,2022-04-27,56211,True,4.0,Finance,4684.25,0.7667865720232695,0.23321342797673056,0.0,1.0,0,0.18592865732911334
266,266,2026-02-28,3601.51,643.6,2957.91,5,Ethan,Davis,196-95-5591,davidjohnson@example.org,3.0,2023-10-17,41283,True,3.0,HR,3440.25,0.8212971781280629,0.17870282187193703,0.03125,1.0468745003996802,0,0.055252390701652554
267,267,2026-02-28,7040.5,1490.42,5550.08,0,Kimberly,Lane,056-95-2994,natalienelson@example.net,4.0,2021-11-20,84486,True,4.0,Finance,7040.5,0.7883076486045025,0.2116923513954975,0.0,1.0,0,0.141719621943235
268,268,2026-02-28,3663.97,747.45,2916.53,15,Samantha,Cohen,714-36-3885,haleadrian@example.net,3.0,2022-07-20,38547,True,3.0,HR,3212.25,0.7960026965286289,0.2040000327513599,0.09375,1.1406241730873998,0,0.025959994913078877
269,269,2026-02-28,4449.92,1014.51,3435.4,0,Jodi,Hopkins,294-39-3928,equinn@example.net,4.0,2022-04-08,53399,True,4.0,Finance,4449.916666666667,0.7720138789011938,0.22798387386739535,0.0,1.000000749077698,0,0.19232361595153968
270,270,2026-02-28,5163.42,829.75,4333.67,0,Melissa,Thompson,516-62-7235,richardsonrobert@example.net,5.0,2025-02-06,61961,True,5.0,Operations,5163.416666666667,0.8393022454109873,0.1606977545890127,0.0,1.000000645567373,0,0.17788447228879928
271,271,2026-02-28,6801.58,1537.86,5263.73,0,Steven,Smith,751-70-2142,eshannon@example.net,4.0,2022-04-23,81619,True,4.0,Finance,6801.583333333333,0.7738981236712645,0.22610334657535452,0.0,0.9999995099180339,0,0.12799654417449152
272,272,2026-02-28,3205.17,654.26,2550.91,0,Steven,Horn,274-06-7881,marcus12@example.com,2.0,2022-10-28,38462,True,2.0,Engineering,3205.1666666666665,0.7958735418090147,0.20412645819098518,0.0,1.0000010399875203,0,0.1597860643712033
273,273,2026-02-28,6453.92,1589.59,4864.32,0,Kristin,Ellison,766-89-2453,emily43@example.com,2.0,2024-12-02,77447,True,2.0,Engineering,6453.916666666667,0.7537000768525175,0.2462983737015643,0.0,1.0000005164822394,0,0.11940925991887485
274,274,2026-02-28,5717.67,1393.53,4324.14,15,Allison,Reid,627-82-6448,jeffrey76@example.net,3.0,2025-03-13,60153,True,3.0,HR,5012.75,0.7562765951865008,0.2437234048134992,0.09375,1.1406254052166975,0,0.05486054651716854
275,275,2026-02-28,3773.08,825.51,2947.58,0,Christina,Evans,054-35-0853,hintonbenjamin@example.org,2.0,2021-05-23,45277,True,2.0,Engineering,3773.0833333333335,0.7812132263296829,0.21878942402493454,0.0,0.9999991165492412,0,0.1859807541681135
276,276,2026-02-28,5577.58,1004.5,4573.08,0,Crystal,Saunders,235-42-4845,brandivasquez@example.com,1.0,2024-03-31,66931,True,1.0,Sales,5577.583333333333,0.8199039726906652,0.18009602730933488,0.0,0.9999994023696046,0,0.19872825751325002
277,277,2026-02-28,5248.75,1159.01,4089.74,0,Gina,Garcia,208-26-3762,joshuawilson@example.com,5.0,2024-06-29,62985,True,5.0,Operations,5248.75,0.7791836151464634,0.22081638485353655,0.0,1.0,0,0.20984127404870373
278,278,2026-02-28,4249.67,666.07,3583.59,0,Harry,Owens,581-49-6826,adamschmidt@example.com,5.0,2024-01-31,50996,True,5.0,Operations,4249.666666666667,0.8432631239602134,0.156734522915897,0.0,1.000000784375245,0,0.1484300285427621
279,279,2026-02-28,5087.25,1059.25,4028.0,0,Victoria,Duncan,547-21-0454,duncanpeter@example.org,1.0,2025-06-19,61047,True,1.0,Sales,5087.25,0.7917833800186741,0.20821661998132587,0.0,1.0,0,0.2093466853441644
280,280,2026-02-28,4518.33,834.03,3684.3,0,Erik,Davidson,683-23-1426,torresmarc@example.org,3.0,2025-06-20,54220,True,3.0,HR,4518.333333333333,0.8154118889058569,0.1845881110941432,0.0,0.9999992622648469,0,0.1967206576446079
281,281,2026-02-28,5141.83,1090.54,4051.29,0,Kevin,Peters,186-77-2725,ricky93@example.net,1.0,2024-11-16,61702,True,1.0,Sales,5141.833333333333,0.7879081961091674,0.21209180389083263,0.0,0.9999993517227967,0,0.210277021627173
282,282,2026-02-28,5827.58,900.79,4926.79,0,Cheryl,Fischer,445-64-9858,pcontreras@example.com,1.0,2021-08-01,69931,True,1.0,Sales,5827.583333333333,0.8454264034127373,0.15457359658726263,0.0,0.9999994280076075,0,0.14050488373616593
283,283,2026-02-28,6982.5,1655.93,5326.57,0,Joseph,Brown,439-67-4138,ashleyfrederick@example.org,5.0,2025-08-24,83790,True,5.0,Operations,6982.5,0.7628456856426781,0.23715431435732187,0.0,1.0,0,0.11217489284737864
284,284,2026-02-28,3452.67,854.01,2598.65,0,Monique,Hudson,823-64-6008,felicia50@example.com,4.0,2022-12-01,41432,True,4.0,Finance,3452.6666666666665,0.7526493988710187,0.2473477048197482,0.0,1.0000009654373432,0,0.11660328520484425
285,285,2026-02-28,7666.25,1892.7,5773.55,0,Erika,Harding,286-20-1757,mcmahondaniel@example.net,5.0,2023-02-20,91995,True,5.0,Operations,7666.25,0.7531126691668025,0.24688733083319747,0.0,1.0,0,0.037558751279639924
286,286,2026-02-28,2559.83,575.87,1983.96,0,Kristin,Alexander,004-04-8053,josephmartinez@example.net,5.0,2023-01-21,30718,True,5.0,Operations,2559.8333333333335,0.7750358422238978,0.22496415777610232,0.0,0.99999869783189,0,0.06330797969948743
287,287,2026-02-28,4810.25,784.11,4026.14,0,Xavier,Garcia,294-20-5248,xhamilton@example.net,2.0,2024-09-18,57723,True,2.0,Engineering,4810.25,0.8369918403409385,0.16300815965906137,0.0,1.0,0,0.19106163148599664
288,288,2026-02-28,5735.33,1295.19,4440.14,0,Joanna,Davis,605-05-2650,craig76@example.com,1.0,2024-06-30,68824,True,1.0,Sales,5735.333333333333,0.774173412863776,0.22582658713622408,0.0,0.9999994188073928,0,0.18714339832268762
289,289,2026-02-28,5351.17,814.51,4536.65,0,Daniel,Robbins,466-68-6056,thomas49@example.net,5.0,2025-01-11,64214,True,5.0,Operations,5351.166666666667,0.8477865588273218,0.15221157242247957,0.0,1.0000006229171208,0,0.14272662282626053
290,290,2026-02-28,4221.58,769.85,3451.73,0,Brooke,Cooper,791-39-5775,anthonycordova@example.com,1.0,2022-04-13,50659,True,1.0,Sales,4221.583333333333,0.817639367251124,0.182360632748876,0.0,0.9999992104068379,0,0.1792792152667379
291,291,2026-02-28,4739.83,942.58,3797.25,0,Erin,Lee,206-70-3929,melissadelgado@example.org,2.0,2025-07-03,56878,True,2.0,Engineering,4739.833333333333,0.8011363276741993,0.19886367232580074,0.0,0.9999992967403918,0,0.1953010338362985
292,292,2026-02-28,4383.67,995.27,3388.4,0,Jennifer,Sanchez,605-23-6571,elizabethbaxter@example.net,1.0,2024-04-26,52604,True,1.0,Sales,4383.666666666667,0.7729596434038146,0.22704035659618538,0.0,1.0000007603984487,0,0.18929221543841923
293,293,2026-02-28,4662.93,1164.39,3498.54,10,Justin,Booker,895-69-1994,phillipbrooks@example.com,5.0,2024-05-31,51159,True,5.0,Operations,4263.25,0.7502879091043614,0.2497120908956386,0.0625,1.0937500733008856,0,0.04638611346831034
294,294,2026-02-28,6062.0,1167.65,4894.35,0,John,Schneider,172-24-6226,zburgess@example.net,1.0,2025-02-02,72744,True,1.0,Sales,6062.0,0.8073820521280106,0.19261794787198946,0.0,1.0,0,0.18375080757867318
295,295,2026-02-28,5701.54,1308.4,4393.15,5,James,Graham,188-63-9597,emily39@example.org,2.0,2025-08-20,65355,True,2.0,Engineering,5446.25,0.770519894624961,0.22948185928714,0.03125,1.0468744549001607,0,0.1292030692166467
296,296,2026-02-28,4133.83,906.83,3227.0,0,Lisa,Glass,534-99-0496,daviseric@example.net,4.0,2025-04-07,49606,True,4.0,Finance,4133.833333333333,0.7806320047026607,0.21936799529733927,0.0,0.9999991936459299,0,0.19848433884860894
297,297,2026-02-28,6124.42,1053.87,5070.55,0,Troy,Mills,428-80-7607,sarahschultz@example.net,1.0,2022-10-19,73493,True,1.0,Sales,6124.416666666667,0.8279232972265129,0.1720767027734871,0.0,1.0000005442695223,0,0.15373800160996248
298,298,2026-02-28,5384.08,851.97,4532.12,0,Amy,Fletcher,887-58-5947,kjordan@example.org,5.0,2023-09-26,64609,True,5.0,Operations,5384.083333333333,0.8417631238763168,0.15823873345121173,0.0,0.9999993808912071,0,0.17148622300892552
299,299,2026-02-28,6016.0,1311.79,4704.21,0,Travis,Martin,619-85-8752,dsmith@example.net,2.0,2023-11-15,72192,True,2.0,Engineering,6016.0,0.7819498005319149,0.2180501994680851,0.0,1.0,0,0.19257644346986824
300,300,2026-02-28,5787.0,1246.82,4540.18,0,Jason,Fowler,784-39-8722,mbaker@example.net,5.0,2024-11-24,69444,True,5.0,Operations,5787.0,0.7845481251080008,0.2154518748919993,0.0,1.0,0,0.20365303980590826
301,301,2026-02-28,0.0,-150.75,0.0,0,Stephanie,Parker,481-30-7498,barberdonna@example.com,5.0,2024-01-13,0,True,5.0,Operations,0.0,0.0,0.0,0.0,0.0,1,-0.16852149644793823
302,302,2026-02-28,4299.75,1053.81,3245.94,0,Lacey,Marshall,350-08-1881,armstrongashley@example.com,1.0,2026-01-28,51597,True,1.0,Sales,4299.75,0.7549136577708007,0.24508634222919937,0.0,1.0,0,0.15747329626865397
303,303,2026-02-28,6212.24,1518.03,4694.21,5,Michelle,Ramirez,832-44-9290,matthew38@example.org,5.0,2022-08-21,71209,True,5.0,Operations,5934.083333333333,0.7556388677836015,0.2443611322163986,0.03125,1.0468744119423108,0,0.07223370694081044
304,304,2026-02-28,5762.92,1106.32,4656.59,0,Allen,Stone,552-69-3499,elizabeth32@example.org,1.0,2023-01-14,69155,True,1.0,Sales,5762.916666666667,0.80802613952649,0.19197212524206478,0.0,1.0000005784108161,0,0.1896786523225623
305,305,2026-02-28,5440.13,1351.32,4088.81,10,Danielle,Vasquez,341-55-4295,matthewjohnson@example.org,4.0,2022-06-02,59686,True,4.0,Finance,4973.833333333333,0.7516015242282813,0.24839847577171867,0.0625,1.0937499581141308,0,0.06344466220509992
306,306,2026-02-28,5629.08,964.32,4664.76,10,Ricardo,Moss,721-04-7814,underwoodwilliam@example.com,5.0,2024-04-05,61759,True,5.0,Operations,5146.583333333333,0.8286895904837025,0.17131040951629753,0.0625,1.0937508703184962,0,0.09744625685890695
307,307,2026-02-28,6597.0,1010.09,5586.91,0,Valerie,Rodriguez,508-99-9571,bobbymartinez@example.net,5.0,2024-03-20,79164,True,5.0,Operations,6597.0,0.8468864635440352,0.15311353645596484,0.0,1.0,0,0.10627269938810963
308,308,2026-02-28,4260.5,916.72,3343.78,0,Angela,Knight,425-69-2513,kathryn12@example.net,5.0,2021-09-02,51126,True,5.0,Operations,4260.5,0.7848327661072645,0.2151672338927356,0.0,1.0,0,0.20547898699055056
309,309,2026-02-28,5683.83,1062.04,4621.79,0,Sierra,Mcneil,780-10-0890,beverlywhite@example.com,3.0,2022-12-19,68206,True,3.0,HR,5683.833333333333,0.8131471208674432,0.18685287913255674,0.0,0.9999994135413307,0,0.19333554058063362
310,310,2026-02-28,4747.25,1122.42,3624.83,0,Julia,Everett,365-29-9907,kgeorge@example.net,3.0,2021-06-22,56967,True,3.0,HR,4747.25,0.7635641687292642,0.2364358312707357,0.0,1.0,0,0.18443046671646052
311,311,2026-02-28,4727.83,932.9,3794.93,0,Alexa,Oconnell,688-92-3358,donna88@example.org,2.0,2026-01-22,56734,True,2.0,Engineering,4727.833333333333,0.8026790303373852,0.19732096966261478,0.0,0.999999294955406,0,0.19731756744943046
312,312,2026-02-28,6373.42,1573.08,4800.33,0,Amanda,Raymond,363-34-4363,mrodriguez@example.net,3.0,2022-04-08,76481,True,3.0,HR,6373.416666666667,0.7531796115743196,0.24681881940935949,0.0,1.0000005230057138,0,0.12338708925355368
313,313,2026-02-28,6031.75,1016.67,5015.08,0,Thomas,Gomez,509-97-0648,vcook@example.org,2.0,2022-06-23,72381,True,2.0,Engineering,6031.75,0.8314469266796535,0.1685530733203465,0.0,1.0,0,0.16807361092559708
314,314,2026-02-28,6016.83,1425.16,4591.67,0,James,Snyder,492-53-5319,herrerakelly@example.com,3.0,2023-09-06,72202,True,3.0,HR,6016.833333333333,0.7631377319950872,0.2368622680049129,0.0,0.9999994459987258,0,0.1592909881641466
315,315,2026-02-28,8186.17,1254.55,6931.62,25,Carlos,Salas,323-96-3347,vfleming@example.org,4.0,2023-06-26,79582,True,4.0,Finance,6631.833333333333,0.8467476243469167,0.15325237565308317,0.15625,1.2343751099494862,1,-0.11124058153826366
316,316,2026-02-28,5968.67,970.02,4998.65,20,James,Wall,034-22-4079,joshuabishop@example.com,2.0,2022-04-22,60315,True,2.0,Engineering,5026.25,0.8374813819494125,0.16251861805058748,0.125,1.1874996269584681,0,0.010972453260704174
317,317,2026-02-28,5852.42,1279.08,4573.33,0,Jason,Schmidt,437-62-3081,stephencardenas@example.org,3.0,2024-06-21,70229,True,3.0,HR,5852.416666666667,0.7814425485525646,0.21855574275257073,0.0,1.0000005695652792,0,0.1952889209685787
318,318,2026-02-28,4612.08,890.27,3721.81,0,Amy,Grant,621-28-8347,thompsoncynthia@example.com,4.0,2025-05-16,55345,True,4.0,Finance,4612.083333333333,0.8069699571559904,0.19303004284400965,0.0,0.9999992772608185,0,0.20116500121510078
319,319,2026-02-28,5405.17,919.16,4486.0,0,Melissa,Smith,650-45-5629,fmcdaniel@example.com,3.0,2026-02-14,64862,True,3.0,HR,5405.166666666667,0.8299461441545779,0.17005200576485105,0.0,1.000000616693904,0,0.18575406937933603
320,320,2026-02-28,4837.25,963.38,3873.87,0,Dominique,Lee,193-72-0254,natashaharris@example.org,1.0,2023-05-03,58047,True,1.0,Sales,4837.25,0.8008413871517908,0.1991586128482092,0.0,1.0,0,0.20755831419174636
321,321,2026-02-28,5121.17,1066.21,4054.95,0,Christopher,Holloway,686-61-1992,christinarodriguez@example.com,1.0,2026-03-15,61454,True,1.0,Sales,5121.166666666667,0.7918014828642673,0.20819656445695028,0.0,1.000000650893351,0,0.20587106959325618
322,322,2026-02-28,5743.92,1016.1,4727.82,0,George,Flores,134-69-2354,kimmelinda@example.org,4.0,2021-05-02,68927,True,4.0,Finance,5743.916666666667,0.823099903898383,0.17690009610161703,0.0,1.000000580324111,0,0.18862379501726295
323,323,2026-02-28,3977.17,913.78,3063.39,0,Miranda,Peterson,728-93-4553,natasha31@example.net,5.0,2022-10-12,47726,True,5.0,Operations,3977.1666666666665,0.7702436657221089,0.22975633427789105,0.0,1.000000838117588,0,0.18466752903366984
324,324,2026-02-28,8329.36,1309.75,7019.61,10,William,Peters,555-02-1775,smithcynthia@example.net,5.0,2021-08-25,91385,True,5.0,Operations,7615.416666666667,0.8427550255962042,0.15724497440379573,0.0625,1.0937497401105214,1,-0.012964156799683102
325,325,2026-02-28,4093.27,733.38,3359.89,10,Kimberly,Turner,143-83-8769,elizabethhughes@example.net,1.0,2024-12-15,44909,True,1.0,Sales,3742.4166666666665,0.8208327327540084,0.17916726724599158,0.0625,1.0937504731790955,0,0.08652087887012894
326,326,2026-02-28,3482.25,764.35,2717.9,0,Courtney,Freeman,474-16-9445,fmccarty@example.net,1.0,2025-10-18,41787,True,1.0,Sales,3482.25,0.7805011127862733,0.21949888721372676,0.0,1.0,0,0.18220179803971143
327,327,2026-02-28,7052.04,1396.66,5655.38,10,Jacob,Craig,392-72-7617,arielharvey@example.org,5.0,2023-03-05,77371,True,5.0,Operations,6447.583333333333,0.8019495068093772,0.19805049319062287,0.0625,1.093749337607114,0,0.07205085383425436
328,328,2026-02-28,5989.5,961.27,5028.23,0,Joshua,Shepherd,056-90-4243,munozvictoria@example.net,2.0,2025-03-15,71874,True,2.0,Engineering,5989.5,0.8395074714082977,0.16049252859170215,0.0,1.0,0,0.15456458804287965
329,329,2026-02-28,5780.08,1006.92,4773.17,0,Kimberly,Collier,299-01-8463,oanderson@example.org,5.0,2025-12-10,69361,True,5.0,Operations,5780.083333333333,0.825796528767768,0.17420520131209255,0.0,0.9999994233070458,0,0.18509387209546552
330,330,2026-02-28,5785.42,1438.64,4346.78,0,Angelica,Allen,111-92-9250,lewisstephanie@example.net,3.0,2025-01-25,69425,True,3.0,HR,5785.416666666667,0.751333524618783,0.24866647538121694,0.0,1.000000576161325,0,0.12743104981419
331,331,2026-02-28,4984.67,818.73,4165.94,0,Victoria,Hunt,564-92-5575,sherylowens@example.com,2.0,2025-02-11,59816,True,2.0,Engineering,4984.666666666667,0.8357504107593882,0.16424958924061173,0.0,1.0000006687174,0,0.18720399825046846
332,332,2026-02-28,4423.82,667.9,3755.92,15,Keith,Hall,305-43-5283,patricia38@example.org,3.0,2021-07-09,46541,True,3.0,HR,3878.4166666666665,0.849021886062272,0.15097811393772803,0.09375,1.1406252551513718,0,0.001911153545856914
333,333,2026-02-28,5094.75,930.54,4164.21,0,Brian,Harrington,675-93-6497,noblejacqueline@example.com,1.0,2021-12-13,61137,True,1.0,Sales,5094.75,0.8173531576622994,0.18264684233770057,0.0,1.0,0,0.20847324625310026
334,334,2026-02-28,4348.2,804.69,3543.51,5,Julie,Perry,368-05-2599,francisjames@example.com,2.0,2022-01-28,49842,True,2.0,Engineering,4153.5,0.8149372153994757,0.1850627846005244,0.03125,1.0468761285662693,0,0.099083589774768
335,335,2026-02-28,6218.83,981.69,5237.14,0,Daniel,Moore,598-99-7314,gonzalezjade@example.org,3.0,2024-08-08,74626,True,3.0,HR,6218.833333333333,0.8421423322393441,0.15785766776065596,0.0,0.9999994639937824,0,0.13293328468829912
336,336,2026-02-28,4816.17,913.59,3902.58,0,Kimberly,Gill,590-87-2452,danielclark@example.com,3.0,2022-07-10,57794,True,3.0,HR,4816.166666666667,0.8103077756806757,0.18969222431932428,0.0,1.0000006921133682,0,0.20522316338843272
337,337,2026-02-28,3968.08,647.88,3320.21,0,Sherri,Jones,200-61-7415,manntina@example.org,2.0,2022-09-09,47617,True,2.0,Engineering,3968.0833333333335,0.8367296022257616,0.16327291788472006,0.0,0.9999991599638783,0,0.16027372618803787
338,338,2026-02-28,4598.25,950.71,3647.54,0,Benjamin,Tyler,660-39-6662,pjohnson@example.org,4.0,2023-08-08,55179,True,4.0,Finance,4598.25,0.7932452563475235,0.20675474365247648,0.0,1.0,0,0.20541777482699308
339,339,2026-02-28,5516.08,1207.73,4308.36,0,Teresa,Mitchell,112-48-2919,natalie75@example.com,5.0,2025-09-02,66193,True,5.0,Operations,5516.083333333333,0.7810546620063523,0.21894715087525926,0.0,0.9999993957064947,0,0.2075394442314452
340,340,2026-02-28,4295.33,988.18,3307.15,0,Walter,Gordon,630-92-9390,michaelstephenson@example.com,3.0,2024-09-18,51544,True,3.0,HR,4295.333333333333,0.7699408427291966,0.2300591572708034,0.0,0.999999223963992,0,0.1862955276555915
341,341,2026-02-28,3972.17,675.33,3296.84,0,Kelly,Cooley,616-95-6007,williamhaas@example.net,5.0,2025-05-16,47666,True,5.0,Operations,3972.1666666666665,0.829984617979593,0.170015382020407,0.0,1.0000008391725759,0,0.16357063927669835
342,342,2026-02-28,5304.58,884.53,4420.05,0,Alison,Garcia,141-58-2556,pruiz@example.com,5.0,2024-08-25,63655,True,5.0,Operations,5304.583333333333,0.833251642919892,0.16674835708010813,0.0,0.9999993716125992,0,0.18563650185770347
343,343,2026-02-28,5306.17,851.41,4454.76,0,Amy,Wright,353-43-7583,jocelyn70@example.net,1.0,2025-01-15,63674,True,1.0,Sales,5306.166666666667,0.8395433994764586,0.16045660052354146,0.0,1.0000006281998932,0,0.17842945555660905
344,344,2026-02-28,4366.25,932.82,3433.43,0,Angela,Lee,395-30-3579,weavercarrie@example.net,5.0,2025-05-28,52395,True,5.0,Operations,4366.25,0.7863567134268536,0.2136432865731463,0.0,1.0,0,0.19965455885195516
345,345,2026-02-28,4617.94,1125.03,3492.91,5,Jessica,Hartman,095-73-6710,kellychristine@example.net,3.0,2025-09-21,52934,True,3.0,HR,4411.166666666667,0.7563783851674123,0.2436216148325877,0.03125,1.0468749763856877,0,0.08929539146876753
346,346,2026-02-28,5290.0,820.99,4469.01,0,Sara,Johnson,078-91-8504,mark60@example.net,1.0,2024-12-30,63480,True,1.0,Sales,5290.0,0.8448034026465029,0.15519659735349717,0.0,1.0,0,0.15805680092826058
347,347,2026-02-28,3189.83,651.14,2538.69,0,Maria,Smith,608-88-1201,lindsey32@example.com,2.0,2023-05-24,38278,True,2.0,Engineering,3189.8333333333335,0.7958699993416577,0.2041300006583423,0.0,0.9999989550133235,0,0.15820148098517112
348,348,2026-02-28,3240.67,715.88,2524.78,0,Sean,Willis,858-36-2344,jacquelinehill@example.com,3.0,2022-03-17,38888,True,3.0,HR,3240.6666666666665,0.7790919778934603,0.22090493632489577,0.0,1.0000010285949394,0,0.1596658249132092
349,349,2026-02-28,4101.92,972.55,3129.36,0,Justin,Perry,828-34-5219,hansonmichael@example.com,1.0,2022-02-07,49223,True,1.0,Sales,4101.916666666667,0.7629012755002536,0.23709628661699886,0.0,1.000000812628243,0,0.17850650317011613
350,350,2026-02-28,5620.64,1346.04,4274.6,20,Kimberly,Brown,186-05-0264,leteresa@example.net,1.0,2021-12-16,56798,True,1.0,Sales,4733.166666666667,0.7605183751316577,0.23948162486834237,0.125,1.1875009683439557,0,0.0014245931569201176
351,351,2026-02-28,6146.35,1245.5,4900.85,15,Madison,Miller,750-89-6175,aliciabryant@example.com,5.0,2022-10-15,64663,True,5.0,Operations,5388.583333333333,0.797359408429393,0.20264059157060693,0.09375,1.1406244683976927,0,0.08164031962321905
352,352,2026-02-28,7164.99,1117.99,6047.0,5,Jacqueline,George,738-14-2515,fray@example.org,2.0,2025-08-24,82130,True,2.0,Engineering,6844.166666666667,0.8439648903906356,0.15603510960936443,0.03125,1.0468754413734322,0,0.037049618588108846
353,353,2026-02-28,6072.0,1060.84,5011.16,0,Pam,Medina,777-05-8031,melissamartinez@example.com,3.0,2024-08-28,72864,True,3.0,HR,6072.0,0.8252898550724638,0.17471014492753623,0.0,1.0,0,0.16628820293058105
354,354,2026-02-28,5250.0,1299.83,3950.17,10,Krystal,Johnson,852-94-1119,ronaldbrandt@example.net,3.0,2024-03-23,57600,True,3.0,HR,4800.0,0.7524133333333334,0.24758666666666665,0.0625,1.09375,0,0.06651211600137252
355,355,2026-02-28,4976.17,914.07,4062.1,0,Adriana,Norris,272-18-1772,john98@example.org,5.0,2023-01-25,59714,True,5.0,Operations,4976.166666666667,0.8163105360146458,0.1836894639853542,0.0,1.0000006698596644,0,0.20711944075084265
356,356,2026-02-28,3746.83,630.26,3116.57,0,Ashley,Dodson,361-57-6795,lauren70@example.com,2.0,2024-02-13,44962,True,2.0,Engineering,3746.8333333333335,0.8317884718548747,0.16821152814512536,0.0,0.9999991103598593,0,0.15738298398788964
357,357,2026-02-28,4976.83,1139.54,3837.29,0,Pedro,Carlson,696-47-8309,alejandroreynolds@example.org,3.0,2021-10-01,59722,True,3.0,HR,4976.833333333333,0.771030957456855,0.22896904254314493,0.0,0.999999330230066,0,0.19537661390363992
358,358,2026-02-28,4639.17,1001.46,3637.71,0,Wendy,Lam,773-43-4332,gainesjames@example.org,2.0,2024-06-25,55670,True,2.0,Engineering,4639.166666666667,0.7841294886800871,0.21587051131991283,0.0,1.000000718519849,0,0.2007161715961246
359,359,2026-02-28,5403.33,1079.69,4323.64,0,Denise,Pena,292-67-8168,palmersamuel@example.com,3.0,2025-10-15,64840,True,3.0,HR,5403.333333333333,0.80018062935264,0.19981937064736008,0.0,0.9999993830968539,0,0.2025443914179288
360,360,2026-02-28,3965.92,815.14,3150.78,0,Michelle,Shaw,003-09-8382,ralexander@example.com,5.0,2023-10-20,47591,True,5.0,Operations,3965.9166666666665,0.7944638318473394,0.20553616815266065,0.0,1.0000008404950516,0,0.19434748945566016
361,361,2026-02-28,5649.17,1253.66,4395.5,0,Trevor,Buck,616-41-6793,susan06@example.org,4.0,2022-11-02,67790,True,4.0,Finance,5649.166666666667,0.7780789036265504,0.22191932620190225,0.0,1.0000005900575306,0,0.19760455946463307
362,362,2026-02-28,6915.92,1195.38,5720.53,0,Rita,Williams,374-72-8494,trevor58@example.com,3.0,2025-12-01,82991,True,3.0,HR,6915.916666666667,0.8271538710684913,0.17284468299228448,0.0,1.0000004819799737,0,0.13030582866181328
363,363,2026-02-28,4864.0,1214.22,3649.78,0,Rhonda,Mckenzie,131-94-3855,alexanderanderson@example.org,1.0,2026-01-17,58368,True,1.0,Sales,4864.0,0.7503659539473685,0.2496340460526316,0.0,1.0,0,0.1366369969197126
364,364,2026-02-28,5502.08,1361.65,4140.43,0,Phillip,Soto,570-05-2403,williamsjuan@example.net,1.0,2024-03-04,66025,True,1.0,Sales,5502.083333333333,0.752520864836571,0.24747913516342912,0.0,0.9999993941688755,0,0.13872591689451202
365,365,2026-02-28,6137.48,1338.11,4799.37,5,Brooke,Ortega,533-52-5400,bwatson@example.net,4.0,2021-07-15,70352,True,4.0,Finance,5862.666666666667,0.7819772936123621,0.21802270638763793,0.03125,1.0468751421423697,0,0.1269557460173686
366,366,2026-02-28,4498.42,707.24,3791.18,0,Jennifer,Lopez,201-38-0682,juanskinner@example.org,3.0,2022-01-10,53981,True,3.0,HR,4498.416666666667,0.8427803539909567,0.15721964600904317,0.0,1.0000007410014635,0,0.16295482234108083
367,367,2026-02-28,5280.08,808.2,4471.89,0,Julia,Mcdowell,789-61-1838,barbara38@example.com,1.0,2025-12-27,63361,True,1.0,Sales,5280.083333333333,0.8469360312722535,0.15306586263844488,0.0,0.9999993686968325,0,0.1475603352048056
368,368,2026-02-28,5015.67,881.6,4134.07,0,Michael,Rodriguez,432-61-1725,umcgrath@example.org,1.0,2024-06-30,60188,True,1.0,Sales,5015.666666666667,0.8242308604832455,0.1757691395167545,0.0,1.0000006645843025,0,0.19849170486232232
369,369,2026-02-28,6082.47,1122.79,4959.69,20,Ann,Stevens,311-50-4593,brownscott@example.org,3.0,2025-05-19,61465,True,3.0,HR,5122.083333333333,0.8154072276558699,0.184594416413069,0.125,1.1874992272024731,0,0.023106572435494743
370,370,2026-02-28,4411.82,1044.29,3367.53,10,Andrew,Fisher,586-56-4070,gilesdevon@example.net,2.0,2024-01-15,48404,True,2.0,Engineering,4033.6666666666665,0.7632972333413423,0.2367027666586579,0.0625,1.093749276919263,0,0.08023233757770298
371,371,2026-02-28,5030.58,1045.69,3984.89,0,Michael,Hill,315-13-4643,danasaunders@example.net,3.0,2025-02-25,60367,True,3.0,HR,5030.583333333333,0.7921333126597728,0.20786668734022717,0.0,0.9999993373863204,0,0.2046056260679623
372,372,2026-02-28,5622.42,1089.97,4532.45,0,Kristine,Fowler,805-47-6547,michaelmahoney@example.net,2.0,2026-02-21,67469,True,2.0,Engineering,5622.416666666667,0.8061386378107647,0.19386136218923525,0.0,1.0000005928648712,0,0.19003974313642197
373,373,2026-02-28,6813.92,1516.27,5297.64,0,Brandon,Lindsey,828-27-2344,michael90@example.net,4.0,2023-12-26,81767,True,4.0,Finance,6813.916666666667,0.7774731725643976,0.2225253598515979,0.0,1.0000004891949075,0,0.13586795979991162
374,374,2026-02-28,6199.08,1231.55,4967.53,0,Jason,Horton,702-96-6599,jakecortez@example.net,5.0,2026-01-21,74389,True,5.0,Operations,6199.083333333333,0.8013334236693186,0.19866657633068133,0.0,0.9999994622860907,0,0.17215636445711752
375,375,2026-02-28,8773.02,1835.62,6937.4,15,Samantha,Mora,120-43-1058,matthew64@example.net,4.0,2025-07-20,92297,True,4.0,Finance,7691.416666666667,0.7907653236855723,0.20923467631442763,0.09375,1.1406247223636738,1,-0.036620334377743924
376,376,2026-02-28,4040.75,974.78,3065.97,0,Nicholas,Johns,616-21-8438,jeremyramirez@example.org,5.0,2022-06-09,48489,True,5.0,Operations,4040.75,0.7587626059518653,0.24123739404813463,0.0,1.0,0,0.15890172021973542
377,377,2026-02-28,6375.82,1359.04,5016.77,5,James,Salazar,822-91-2054,lcurry@example.com,1.0,2024-07-22,73084,True,1.0,Sales,6090.333333333333,0.7868431041026881,0.21315532747160365,0.03125,1.04687537627935,0,0.10622163394708162
378,378,2026-02-28,5229.17,1167.73,4061.43,0,Steven,Keller,171-45-9983,sierra26@example.org,1.0,2021-06-15,62750,True,1.0,Sales,5229.166666666667,0.7766873136654574,0.223310773985164,0.0,1.000000637450199,0,0.20556703150257355
379,379,2026-02-28,7737.25,1262.38,6474.87,0,Adam,Harris,018-94-7190,peckshannon@example.org,1.0,2024-12-07,92847,True,1.0,Sales,7737.25,0.8368438398655853,0.1631561601344147,0.0,1.0,0,0.08780640472886769
380,380,2026-02-28,4363.61,758.2,3605.41,10,Heather,Jones,152-17-1717,penarobert@example.com,2.0,2025-07-16,47875,True,2.0,Engineering,3989.5833333333335,0.8262447835622341,0.173755216437766,0.0625,1.0937508093994777,0,0.08681858039808699
381,381,2026-02-28,3950.33,976.28,2974.05,0,Stephanie,Rodriguez,298-89-6962,travis09@example.com,5.0,2021-06-25,47404,True,5.0,Operations,3950.3333333333335,0.7528611533719969,0.24713884662800323,0.0,0.9999991561893511,0,0.13439459089796862
382,382,2026-02-28,4649.26,812.33,3836.93,10,Seth,Jones,732-70-8430,pateljason@example.org,1.0,2026-01-17,51009,True,1.0,Sales,4250.75,0.8252775710543182,0.17472242894568168,0.0625,1.093750514615068,0,0.0950136235901809
383,383,2026-02-28,2500.0,592.69,1907.31,0,Kyle,Wise,244-08-5046,harrelledward@example.com,3.0,2024-12-23,30000,True,3.0,HR,2500.0,0.7629239999999999,0.237076,0.0,1.0,0,0.07237246688845556
384,384,2026-02-28,4342.75,844.8,3497.95,0,Juan,Larson,177-65-6961,martinezlauren@example.net,5.0,2026-03-17,52113,True,5.0,Operations,4342.75,0.8054688849231477,0.19453111507685222,0.0,1.0,0,0.1998369803964295
385,385,2026-02-28,4051.08,816.22,3234.86,0,Richard,Stevenson,176-26-5498,charlenesmith@example.org,5.0,2022-08-04,48613,True,5.0,Operations,4051.0833333333335,0.7985179260839085,0.20148207391609152,0.0,0.9999991771748297,0,0.18900238637365463
386,386,2026-02-28,5187.92,964.55,4223.36,0,Michael,Davis,096-32-0958,justin82@example.org,2.0,2025-12-27,62255,True,2.0,Engineering,5187.916666666667,0.8140757760335549,0.185922296411664,0.0,1.0000006425186732,0,0.202355974978213
387,387,2026-02-28,5427.17,1135.88,4291.29,0,Jerry,Brown,085-40-7879,dstrickland@example.net,4.0,2025-09-16,65126,True,4.0,Finance,5427.166666666667,0.7907049161902059,0.20929508380979409,0.0,1.0000006141940239,0,0.2052620191081992
388,388,2026-02-28,7345.17,1221.89,6123.28,0,Antonio,Heath,665-29-3852,stephanierivera@example.net,2.0,2022-10-01,88142,True,2.0,Engineering,7345.166666666667,0.8336471449946018,0.16635285500539812,0.0,1.000000453813165,0,0.10731922637394253
389,389,2026-02-28,6188.0,1170.2,5017.8,0,Lisa,Bender,192-26-9691,waltersaaron@example.com,1.0,2023-04-06,74256,True,1.0,Sales,6188.0,0.8108920491273433,0.18910795087265675,0.0,1.0,0,0.17701877892390339
390,390,2026-02-28,4880.54,1109.58,3770.97,15,Cheyenne,Morse,311-64-0774,zvaughan@example.com,3.0,2023-06-01,51346,True,3.0,HR,4278.833333333333,0.7726542554717305,0.2273477934818688,0.09375,1.1406240018696685,0,0.08580710772128886
391,391,2026-02-28,3876.92,632.28,3244.64,0,Zachary,Alvarez,837-96-4099,cdiaz@example.com,3.0,2023-01-18,46523,True,3.0,HR,3876.9166666666665,0.8369117753268057,0.16308822467319417,0.0,1.0000008597897814,0,0.15797242214047807
392,392,2026-02-28,5614.83,1386.76,4228.07,0,John,Keller,298-79-4127,patelstephanie@example.net,1.0,2021-04-07,67378,True,1.0,Sales,5614.833333333333,0.7530183460585628,0.24698165394143723,0.0,0.9999994063344119,0,0.13983621977779392
393,393,2026-02-28,3506.68,551.78,2954.91,5,Renee,Gonzalez,104-25-8461,ejenkins@example.com,3.0,2022-03-09,40196,True,3.0,HR,3349.6666666666665,0.842651738966772,0.15735111273341165,0.03125,1.0468743158523237,0,0.011704807052337451
394,394,2026-02-28,7630.93,1401.8,6229.13,5,Kiara,Robinson,522-88-0927,laura42@example.net,2.0,2021-12-30,87471,True,2.0,Engineering,7289.25,0.8163002412549978,0.18369975874500225,0.03125,1.046874506979456,0,0.015641603346591926
395,395,2026-02-28,6474.25,1507.78,4966.47,0,Amanda,West,419-17-0307,rachaelbrown@example.net,2.0,2021-05-03,77691,True,2.0,Engineering,6474.25,0.7671112484071514,0.23288875159284858,0.0,1.0,0,0.15171906610272434
396,396,2026-02-28,4620.38,978.2,3642.18,5,Kimberly,Rosales,347-11-3410,nancy03@example.com,1.0,2022-09-30,52962,True,1.0,Sales,4413.5,0.78828581198949,0.21171418801050995,0.03125,1.0468743627506514,0,0.12813816670419054
397,397,2026-02-28,2858.5,630.81,2227.69,0,Charles,Smith,775-38-5250,kendra60@example.com,3.0,2025-12-30,34302,True,3.0,HR,2858.5,0.7793213223718733,0.22067867762812662,0.0,1.0,0,0.13597188491523793
398,398,2026-02-28,6692.33,1115.64,5576.69,0,Christopher,Kemp,166-31-2310,kellystone@example.org,5.0,2021-10-15,80308,True,5.0,Operations,6692.333333333333,0.8332957280946994,0.16670427190530057,0.0,0.9999995019176172,0,0.13419246442938687
399,399,2026-02-28,5084.41,1137.08,3947.33,5,Mary,Lee,505-06-2388,karen15@example.com,4.0,2022-04-19,58281,True,4.0,Finance,4856.75,0.7763594989389133,0.22364050106108674,0.03125,1.0468749678282803,0,0.13884018803125048
400,400,2026-02-28,7774.86,1841.3,5933.56,20,Chris,Smith,775-14-8566,todd67@example.net,5.0,2024-12-12,78567,True,5.0,Operations,6547.25,0.7631725844581125,0.23682741554188758,0.125,1.187500095459926,1,-0.03578243376479673
401,401,2026-02-28,0.0,512.93,0.0,0,Brianna,Brennan,120-79-7825,jason57@example.com,0.0,2025-02-17,36083,True,0.0,0,3006.9166666666665,0.0,0.0,0.0,0.0,1,-0.15046890516472544
402,402,2026-02-28,4250.75,685.19,3565.56,0,Nathaniel,Lynn,194-94-8779,julierobinson@example.net,2.0,2022-05-01,51009,True,2.0,Engineering,4250.75,0.8388072693054167,0.1611927306945833,0.0,1.0,0,0.17243328846697048
403,403,2026-02-28,5241.18,1064.57,4176.61,5,Hailey,Padilla,016-46-6200,bcooper@example.org,2.0,2024-12-16,60078,True,2.0,Engineering,5006.5,0.7968835262288262,0.20311647377117364,0.03125,1.0468750624188556,0,0.13909680701296084
404,404,2026-02-28,5058.67,1232.6,3826.07,0,Dustin,Robinson,672-56-1914,lawrence20@example.org,2.0,2023-07-30,60704,True,2.0,Engineering,5058.666666666667,0.7563391168034286,0.24366088319657142,0.0,1.0000006589351607,0,0.15619592140272454
405,405,2026-02-28,4437.42,683.07,3754.35,0,Patrick,Allen,319-77-3851,kendrafisher@example.com,4.0,2023-02-04,53249,True,4.0,Finance,4437.416666666667,0.8460659572454263,0.15393404275457362,0.0,1.0000007511878157,0,0.15064169764977953
406,406,2026-02-28,5778.5,937.34,4841.16,0,Pamela,Riddle,143-36-0969,riverasharon@example.org,1.0,2023-03-02,69342,True,1.0,Sales,5778.5,0.8377883533789046,0.16221164662109544,0.0,1.0,0,0.16935994010515354
407,407,2026-02-28,4009.05,804.71,3204.34,10,Stephen,Gaines,608-34-9757,patrickmorrison@example.org,2.0,2022-03-21,43985,True,2.0,Engineering,3665.4166666666665,0.7992766366096706,0.20072336339032937,0.0625,1.0937501420938958,0,0.09601072393941429
408,408,2026-02-28,4822.0,743.35,4078.65,0,Ashley,Price,624-90-6816,briankeller@example.org,3.0,2025-08-13,57864,True,3.0,HR,4822.0,0.8458419742845292,0.15415802571547077,0.0,1.0,0,0.1593322480734452
409,409,2026-02-28,5874.6,1440.34,4434.26,15,Timothy,Lewis,024-64-7093,edwin96@example.org,4.0,2023-11-12,61804,True,4.0,Finance,5150.333333333333,0.75481905150989,0.24518094849010993,0.09375,1.1406252022522816,0,0.056953882133228606
410,410,2026-02-28,6436.55,1280.13,5156.42,15,Matthew,Hernandez,839-19-7647,ttorres@example.net,2.0,2026-01-05,67716,True,2.0,Engineering,5643.0,0.8011155044239539,0.19888449557604618,0.09375,1.1406255537834487,0,0.07026158500306556
411,411,2026-02-28,6165.57,943.32,5222.25,5,Kyle,Hickman,127-83-9542,angela38@example.net,3.0,2021-06-08,70674,True,3.0,HR,5889.5,0.8470019803521815,0.15299801964781848,0.03125,1.0468749469394685,0,0.05014155955242805
412,412,2026-02-28,3594.17,649.8,2944.37,0,Kelly,Baker,811-83-7987,bethanyevans@example.net,2.0,2023-07-15,43130,True,2.0,Engineering,3594.1666666666665,0.8192072161305669,0.18079278386943298,0.0,1.000000927428704,0,0.16253163885143784
413,413,2026-02-28,3082.33,679.56,2402.78,0,Joshua,Garrison,625-19-8122,richardjames@example.org,1.0,2024-10-11,36988,True,1.0,Sales,3082.3333333333335,0.7795336644681135,0.22046957983084223,0.0,0.9999989185681842,0,0.14648799787158662
414,414,2026-02-28,7215.56,1150.09,6065.47,10,Lauren,Lopez,397-93-5943,duncanglenn@example.net,4.0,2022-07-19,79165,True,4.0,Finance,6597.083333333333,0.8406097378443254,0.15939026215567467,0.0625,1.0937500157898061,0,0.04522080734861211
415,415,2026-02-28,5415.33,1176.54,4238.8,0,Charlene,Griffith,467-76-8356,mariohansen@example.org,1.0,2023-05-29,64984,True,1.0,Sales,5415.333333333333,0.782740848664809,0.2172609979447236,0.0,0.999999384463868,0,0.2110346597835755
416,416,2026-02-28,4064.33,790.0,3274.33,0,Kayla,Finley,419-86-0824,vbarry@example.net,4.0,2024-03-10,48772,True,4.0,Finance,4064.3333333333335,0.8056260195407361,0.19437398045926388,0.0,0.9999991798572951,0,0.1861127538043328
417,417,2026-02-28,6938.92,1643.23,5295.68,0,Heather,Parsons,625-39-3605,brownadam@example.com,2.0,2025-01-16,83267,True,2.0,Engineering,6938.916666666667,0.7631850489701568,0.23681350988338243,0.0,1.0000004803823843,0,0.10817286756012734
418,418,2026-02-28,5385.74,1259.25,4126.49,5,Joanna,Williams,167-46-2746,gmartin@example.com,2.0,2023-01-07,61735,True,2.0,Engineering,5144.583333333333,0.7661881189957183,0.23381188100428169,0.03125,1.0468758402850895,0,0.12538331436459316
419,419,2026-02-28,6474.08,1582.66,4891.42,0,Catherine,Li,454-08-5080,zlee@example.net,4.0,2024-12-26,77689,True,4.0,Finance,6474.083333333333,0.7555390109482738,0.24446098905172628,0.0,0.9999994851265945,0,0.10973758535807021
420,420,2026-02-28,6037.65,923.99,5113.65,20,Desiree,Anderson,762-26-6387,rogersjuan@example.net,3.0,2021-12-17,61012,True,3.0,HR,5084.333333333333,0.8469603239671064,0.15303801975934347,0.125,1.1875008195109158,1,-0.01750590139222341
421,421,2026-02-28,8641.28,1865.55,6775.73,15,Kimberly,Townsend,675-60-1361,hilljanice@example.com,3.0,2025-12-25,90911,True,3.0,HR,7575.916666666667,0.7841118445415493,0.21588815545845058,0.09375,1.1406250068748556,1,-0.031651531648589026
422,422,2026-02-28,7194.17,1362.48,5831.69,0,Gary,Williams,598-87-9235,michael99@example.com,2.0,2022-05-07,86330,True,2.0,Engineering,7194.166666666667,0.8106133160600875,0.18938668393991245,0.0,1.0000004633383528,0,0.12075519127712792
423,423,2026-02-28,4688.75,1008.66,3680.09,0,Amanda,Dickerson,151-89-1153,raymond68@example.net,2.0,2025-11-25,56265,True,2.0,Engineering,4688.75,0.7848765662490003,0.21512343375099974,0.0,1.0,0,0.20755224059946004
424,424,2026-02-28,6214.42,1340.97,4873.44,0,Mark,Lyons,517-84-6028,daniel69@example.org,1.0,2023-06-27,74573,True,1.0,Sales,6214.416666666667,0.7842147778875582,0.2157836129518121,0.0,1.0000005363871642,0,0.17376873074204524
425,425,2026-02-28,5806.67,1451.33,4355.34,0,Jon,Hall,702-26-4194,lopezdavid@example.com,2.0,2023-12-27,69680,True,2.0,Engineering,5806.666666666667,0.7500581228139364,0.2499418771860636,0.0,1.0000005740528128,0,0.1097169411896386
426,426,2026-02-28,6710.75,1662.37,5048.38,0,Brandon,Gomez,451-62-6599,plang@example.com,4.0,2022-12-23,80529,True,4.0,Finance,6710.75,0.7522825317587453,0.24771746824125468,0.0,1.0,0,0.10409749529092271
427,427,2026-02-28,3793.83,723.45,3070.38,0,Paul,Gomez,363-57-7462,victor41@example.net,3.0,2024-11-20,45526,True,3.0,HR,3793.8333333333335,0.8093087987600921,0.19069120123990796,0.0,0.9999991213811887,0,0.17889497853110242
428,428,2026-02-28,5857.5,1388.67,4468.83,0,Ronald,Hampton,078-43-7182,carlwilliams@example.org,3.0,2025-12-18,70290,True,3.0,HR,5857.5,0.7629244558258642,0.23707554417413573,0.0,1.0,0,0.16904630195318598
429,429,2026-02-28,7508.56,1371.84,6136.72,20,Kevin,Pierce,619-14-0745,caitlincarson@example.com,1.0,2021-08-17,75876,True,1.0,Sales,6323.0,0.8172965255654879,0.18270347443451207,0.125,1.187499604618061,1,-0.006030767270794879
430,430,2026-02-28,2801.5,607.25,2194.25,0,Maria,Gonzalez,623-30-0557,kempjennifer@example.com,3.0,2021-06-03,33618,True,3.0,HR,2801.5,0.7832411208281278,0.2167588791718722,0.0,1.0,0,0.13173850877512905
431,431,2026-02-28,4346.13,888.56,3457.57,25,Hannah,Hill,742-61-2363,johnedwards@example.com,3.0,2022-11-25,42251,True,3.0,HR,3520.9166666666665,0.7955514446185458,0.2044485553814543,0.15625,1.2343745710160707,1,-0.06946316889262305
432,432,2026-02-28,2500.0,376.44,2123.56,0,Rebecca,Bentley,155-76-1357,phillipsscott@example.net,5.0,2025-02-15,30000,True,5.0,Operations,2500.0,0.849424,0.150576,0.0,1.0,0,0.025300232735869566
433,433,2026-02-28,4663.17,850.83,3812.33,0,Teresa,Olson,512-15-9855,edaniel@example.com,4.0,2024-07-11,55958,True,4.0,Finance,4663.166666666667,0.8175404285067883,0.18245742702925263,0.0,1.0000007148218306,0,0.20300846780587217
434,434,2026-02-28,6449.75,1218.07,5231.68,10,Alexis,Jimenez,846-13-9992,noahlee@example.com,5.0,2024-03-26,70763,True,5.0,Operations,5896.916666666667,0.81114461800845,0.18885538199155005,0.0625,1.0937495583850316,0,0.09184728590421909
435,435,2026-02-28,7200.32,1348.8,5851.52,5,Nicholas,Mayer,191-48-9992,sheila85@example.net,3.0,2024-06-05,82535,True,3.0,HR,6877.916666666667,0.812674992222568,0.1873250077774321,0.03125,1.0468751438783546,0,0.05066459309710836
436,436,2026-02-28,5092.58,879.63,4212.96,0,Carolyn,Rivera,272-35-7616,robertsbenjamin@example.org,1.0,2025-09-15,61111,True,1.0,Sales,5092.583333333333,0.8272741910779998,0.17272777256321942,0.0,0.9999993454533554,0,0.1934685736601655
437,437,2026-02-28,7035.75,1479.93,5555.82,0,Justin,Hart,206-15-3350,amandavazquez@example.net,1.0,2022-10-31,84429,True,1.0,Sales,7035.75,0.7896556870269693,0.2103443129730306,0.0,1.0,0,0.1432292683857876
438,438,2026-02-28,3274.83,710.05,2564.78,0,Dawn,Gutierrez,311-35-2681,bgay@example.org,3.0,2024-09-03,39298,True,3.0,HR,3274.8333333333335,0.7831795848944831,0.21682041510551692,0.0,0.9999989821364954,0,0.17204321829676894
439,439,2026-02-28,2870.75,608.45,2262.3,0,Suzanne,Flores,665-55-7785,parkershelby@example.org,2.0,2024-01-07,34449,True,2.0,Engineering,2870.75,0.7880519028128539,0.21194809718714624,0.0,1.0,0,0.1404524440001561
440,440,2026-02-28,4930.5,968.1,3962.4,0,David,Johnson,885-72-6371,perkinsjoseph@example.net,5.0,2022-02-17,59166,True,5.0,Operations,4930.5,0.8036507453605112,0.1963492546394889,0.0,1.0,0,0.21103899471384974
441,441,2026-02-28,5480.0,1030.12,4449.88,0,Christie,Le,835-18-0461,joshuameyer@example.net,3.0,2021-12-11,65760,True,3.0,HR,5480.0,0.812021897810219,0.187978102189781,0.0,1.0,0,0.20743565221852128
442,442,2026-02-28,4959.08,1172.0,3787.09,0,Lisa,Hawkins,221-30-2941,daniel92@example.net,1.0,2021-10-08,59509,True,1.0,Sales,4959.083333333333,0.7636678577478081,0.236334158755253,0.0,0.9999993278327648,0,0.18070830984126385
443,443,2026-02-28,2500.0,504.77,1995.23,0,David,Klein,113-52-2716,graythomas@example.org,1.0,2021-07-11,30000,True,1.0,Sales,2500.0,0.798092,0.201908,0.0,1.0,0,0.08778887215580256
444,444,2026-02-28,4888.58,967.54,3921.04,0,Michelle,Flores,030-25-6197,logan46@example.com,5.0,2024-07-02,58663,True,5.0,Operations,4888.583333333333,0.8020815860638467,0.19791841393615323,0.0,0.999999318139202,0,0.2030565259698569
445,445,2026-02-28,3369.33,620.38,2748.96,0,Charles,Rogers,133-43-8400,thomasjoshua@example.org,4.0,2021-11-08,40432,True,4.0,Finance,3369.3333333333335,0.8158773405988728,0.1841256273502447,0.0,0.9999990106846062,0,0.15367551462217677
446,446,2026-02-28,5837.08,1097.49,4739.6,0,James,Buck,222-50-4860,costadeborah@example.com,3.0,2024-01-17,70045,True,3.0,HR,5837.083333333333,0.8119813331323197,0.18802038005304023,0.0,0.9999994289385395,0,0.1929876531988139
447,447,2026-02-28,5969.87,1258.39,4711.48,10,Angela,Davis,048-24-4967,jacob71@example.com,3.0,2026-03-02,65498,True,3.0,HR,5458.166666666667,0.78920981528911,0.21079018471088987,0.0625,1.0937500381691043,0,0.10439979614918327
448,448,2026-02-28,3825.08,866.34,2958.75,0,Richard,Fisher,440-28-4669,terrencehernandez@example.com,4.0,2022-05-06,45901,True,4.0,Finance,3825.0833333333335,0.7735132337101447,0.2264893806142617,0.0,0.9999991285592906,0,0.1829471282721859
449,449,2026-02-28,4357.58,1007.9,3349.68,0,Gregory,Wise,382-86-1486,relliott@example.com,5.0,2022-01-17,52291,True,5.0,Operations,4357.583333333333,0.7687018941706176,0.23129810582938237,0.0,0.9999992350500087,0,0.18415679601775753
450,450,2026-02-28,3675.92,815.36,2860.55,0,Curtis,Patterson,314-89-9378,richardmurphy@example.com,5.0,2024-01-10,44111,True,5.0,Operations,3675.9166666666665,0.7781861411564996,0.22181113843609218,0.0,1.0000009068032918,0,0.1712132235825654
451,451,2026-02-28,4921.58,1208.51,3713.08,0,James,Anderson,190-79-1795,anthonyadams@example.org,1.0,2024-04-03,59059,True,1.0,Sales,4921.583333333333,0.7544487745805208,0.2455532572872939,0.0,0.9999993227111872,0,0.15684556428644236
452,452,2026-02-28,6193.92,940.38,5253.54,0,Jeremy,Barton,424-91-6502,rmoreno@example.net,4.0,2025-03-25,74327,True,4.0,Finance,6193.916666666667,0.8481769218846869,0.15182307811531306,0.0,1.0000005381624444,0,0.1153140748351082
453,453,2026-02-28,3767.83,638.94,3128.89,0,Taylor,Horn,005-02-2174,ydunn@example.org,5.0,2023-01-11,45214,True,5.0,Operations,3767.8333333333335,0.8304222855065116,0.16957771449348832,0.0,0.9999991153182642,0,0.1567734646461007
454,454,2026-02-28,5630.0,848.76,4781.24,0,Brett,Rivera,820-08-4901,mariashelton@example.org,2.0,2024-02-25,67560,True,2.0,Engineering,5630.0,0.8492433392539964,0.15075666074600355,0.0,1.0,0,0.1351828847654432
455,455,2026-02-28,4337.17,931.4,3405.77,0,Eric,Palmer,192-34-6840,briancain@example.com,3.0,2023-03-20,52046,True,3.0,HR,4337.166666666667,0.7852516733261551,0.2147483266738449,0.0,1.0000007685508971,0,0.19750488929483567
456,456,2026-02-28,4572.58,1113.16,3459.41,15,Thomas,Thompson,716-36-7990,jennifer80@example.org,1.0,2026-01-02,48106,True,1.0,Sales,4008.8333333333335,0.7565553801136339,0.24344243293720397,0.09375,1.1406261173242422,0,0.04540406936157371
457,457,2026-02-28,5094.27,1011.66,4082.61,5,Karen,Shepherd,153-13-3111,qward@example.org,4.0,2022-03-13,58394,True,4.0,Finance,4866.166666666667,0.8014121748552785,0.1985878251447214,0.03125,1.0468753639072508,0,0.1359628901309991
458,458,2026-02-28,3879.63,701.16,3178.47,5,Aaron,Cannon,567-69-7810,markjones@example.com,1.0,2023-12-28,44471,True,1.0,Sales,3705.9166666666665,0.819271425367883,0.18072857463211697,0.03125,1.0468745924310225,0,0.08765226074174337
459,459,2026-02-28,4307.92,992.12,3315.79,0,Richard,Olson,298-36-4748,david56@example.org,5.0,2025-08-26,51695,True,5.0,Operations,4307.916666666667,0.7696962803394678,0.2303013983546584,0.0,1.0000007737692234,0,0.18885287750513707
460,460,2026-02-28,3502.58,714.23,2788.35,0,Justin,Hamilton,195-51-5406,ymiller@example.com,5.0,2025-11-29,42031,True,5.0,Operations,3502.5833333333335,0.7960846004944926,0.20391539950550738,0.0,0.9999990483214769,0,0.1783335462531193
461,461,2026-02-28,7455.83,1350.48,6105.35,0,Julie,Smith,405-11-7981,mooredavid@example.net,2.0,2022-03-26,89470,True,2.0,Engineering,7455.833333333333,0.8188692606993454,0.18113073930065465,0.0,0.9999995529227674,0,0.10098797961073164
462,462,2026-02-28,5044.0,1064.45,3979.55,0,Erica,Vaughn,578-05-9325,ronald66@example.net,3.0,2021-05-18,60528,True,3.0,HR,5044.0,0.7889670896114196,0.2110329103885805,0.0,1.0,0,0.21595588610327238
463,463,2026-02-28,4125.33,914.24,3211.1,0,Brandon,Boyd,206-86-6138,williamssusan@example.com,4.0,2021-11-13,49504,True,4.0,Finance,4125.333333333333,0.7783862139513688,0.22161621009713162,0.0,0.9999991919844862,0,0.1950900036496599
464,464,2026-02-28,5267.42,933.71,4333.7,0,Roy,Vance,806-25-4139,jordanaaron@example.org,1.0,2024-04-15,63209,True,1.0,Sales,5267.416666666667,0.8227367477816464,0.17726135375572863,0.0,1.0000006328212754,0,0.19253473128118292
465,465,2026-02-28,4859.58,929.91,3929.68,0,Jennifer,Henderson,196-93-5582,uluna@example.net,3.0,2022-11-14,58315,True,3.0,HR,4859.583333333333,0.8086460146761654,0.1913560431148371,0.0,0.9999993140701364,0,0.2018510220487228
466,466,2026-02-28,4723.75,766.14,3957.61,0,Samantha,Cruz,497-45-2053,zpatterson@example.org,5.0,2025-01-31,56685,True,5.0,Operations,4723.75,0.8378110611272824,0.16218893887271765,0.0,1.0,0,0.18865228594724803
467,467,2026-02-28,5767.67,969.63,4798.04,0,Lance,Murphy,841-79-6927,matthew39@example.net,3.0,2022-10-06,69212,True,3.0,HR,5767.666666666667,0.8318853193750683,0.16811468062493173,0.0,1.0000005779344623,0,0.1792164763682157
468,468,2026-02-28,5946.83,1297.07,4649.76,0,Joshua,Barnes,551-74-9148,beasleypatrick@example.com,1.0,2021-07-16,71362,True,1.0,Sales,5946.833333333333,0.7818888382550031,0.2181111617449969,0.0,0.9999994394775932,0,0.19549777352636022
469,469,2026-02-28,4336.83,729.21,3607.62,0,Heidi,Brown,501-70-8812,foxmark@example.com,3.0,2022-09-05,52042,True,3.0,HR,4336.833333333333,0.8318564481429984,0.16814355185700156,0.0,0.9999992313900312,0,0.1749898954003129
470,470,2026-02-28,4280.17,866.8,3413.36,0,Susan,Carter,697-65-1201,jphillips@example.org,5.0,2022-10-15,51362,True,5.0,Operations,4280.166666666667,0.7974823429910495,0.20251532065315161,0.0,1.0000007787858727,0,0.1929617628478975
471,471,2026-02-28,4656.17,1028.57,3627.6,0,Patricia,Flores,058-26-1549,seanmonroe@example.com,3.0,2023-09-18,55874,True,3.0,HR,4656.166666666667,0.7790952649924723,0.22090473500752764,0.0,1.0000007158964814,0,0.2018571816840295
472,472,2026-02-28,2500.0,401.72,2098.28,0,Nicole,Moore,828-57-7702,nelsonjoshua@example.net,4.0,2022-07-18,30000,True,4.0,Finance,2500.0,0.8393120000000001,0.160688,0.0,1.0,0,0.05407069540126552
473,473,2026-02-28,3106.0,642.11,2463.89,0,Ann,Price,632-57-2274,castillodaniel@example.com,3.0,2022-03-28,37272,True,3.0,HR,3106.0,0.7932678686413394,0.20673213135866067,0.0,1.0,0,0.16384885278279104
474,474,2026-02-28,6708.58,1178.4,5530.18,0,Paul,Walker,641-03-1663,david99@example.net,4.0,2022-04-22,80503,True,4.0,Finance,6708.583333333333,0.8243443470898462,0.17565565291015386,0.0,0.9999995031241072,0,0.13661591440983262
475,475,2026-02-28,7056.17,1737.88,5318.28,0,Thomas,Cochran,395-25-6498,yallen@example.org,3.0,2023-02-03,84674,True,3.0,HR,7056.166666666667,0.7537063307715092,0.2462922520290753,0.0,1.0000004724000282,0,0.07277719748517819
476,476,2026-02-28,4688.67,930.02,3758.65,0,Roger,Underwood,894-41-4289,csmith@example.com,5.0,2022-01-17,56264,True,5.0,Operations,4688.666666666667,0.8016452426807602,0.19835475731923977,0.0,1.0000007109341675,0,0.20481487973415669
477,477,2026-02-28,5720.67,1319.18,4401.49,0,Christopher,Rodgers,805-31-4179,qramos@example.net,2.0,2026-02-24,68648,True,2.0,Engineering,5720.666666666667,0.7694011365801557,0.23059886341984417,0.0,1.000000582682671,0,0.17907768406822083
478,478,2026-02-28,5389.0,1104.87,4284.13,0,April,Thomas,380-53-1856,abigail40@example.net,2.0,2022-05-30,64668,True,2.0,Engineering,5389.0,0.794976804601967,0.20502319539803301,0.0,1.0,0,0.2105656320047572
479,479,2026-02-28,8848.58,1365.7,7482.88,0,Matthew,Williams,875-04-4109,yolanda93@example.net,4.0,2021-05-22,106183,True,4.0,Finance,8848.583333333334,0.8456588514767341,0.1543411485232659,0.0,0.999999623291864,1,-0.0014065180424390755
480,480,2026-02-28,6399.42,1365.09,5034.32,0,Alexis,Green,585-52-8440,sarahcontreras@example.net,4.0,2021-04-23,76793,True,4.0,Finance,6399.416666666667,0.7866837932187604,0.21331464413962514,0.0,1.0000005208808094,0,0.164828053241936
481,481,2026-02-28,5747.6,984.01,4763.58,20,Christopher,Parker,808-60-5158,elizabeth01@example.net,2.0,2023-01-17,58081,True,2.0,Engineering,4840.083333333333,0.8287946273227086,0.17120363282065557,0.125,1.1875002152166803,0,0.01846406820495372
482,482,2026-02-28,3805.5,803.33,3002.17,0,David,Fields,051-62-2388,epittman@example.org,5.0,2021-06-04,45666,True,5.0,Operations,3805.5,0.7889029036920248,0.2110970963079753,0.0,1.0,0,0.20168893695793816
483,483,2026-02-28,2991.92,571.76,2420.15,0,Christopher,Leonard,799-58-4544,garciajoshua@example.net,5.0,2021-11-11,35903,True,5.0,Operations,2991.9166666666665,0.8088952913179497,0.19110136634669375,0.0,1.000001114113027,0,0.12903072753010902
484,484,2026-02-28,5254.25,1229.42,4024.83,0,Jessica,Woods,641-47-8383,ejackson@example.com,3.0,2025-04-01,63051,True,3.0,HR,5254.25,0.766014178997954,0.23398582100204598,0.0,1.0,0,0.1870947266494255
485,485,2026-02-28,4054.5,973.09,3081.41,0,Teresa,Vaughn,346-59-5936,briana57@example.org,4.0,2023-04-19,48654,True,4.0,Finance,4054.5,0.7599975336046367,0.24000246639536318,0.0,1.0,0,0.16357932811314202
486,486,2026-02-28,3373.21,769.27,2603.94,5,Leslie,Miller,175-99-5358,meyerlaura@example.net,5.0,2024-01-10,38666,True,5.0,Operations,3222.1666666666665,0.7719471956978664,0.22805280430213357,0.03125,1.046876325453887,0,0.054999787009085255
487,487,2026-02-28,4584.73,993.76,3590.96,10,Rickey,Wilson,348-71-3936,xbass@example.org,1.0,2022-07-06,50301,True,1.0,Sales,4191.75,0.7832435061606682,0.21675431268580703,0.0625,1.0937508200632193,0,0.1019299176074373
488,488,2026-02-28,3648.0,582.05,3065.95,0,Leonard,Miller,896-44-6824,williamswilliam@example.net,3.0,2022-03-13,43776,True,3.0,HR,3648.0,0.8404468201754386,0.15955317982456138,0.0,1.0,0,0.14462571813857789
489,489,2026-02-28,8108.61,1813.79,6294.81,15,Christina,Smith,739-32-1718,millerkelsey@example.org,3.0,2025-05-02,85307,True,3.0,HR,7108.916666666667,0.7763118462967143,0.22368692044629104,0.09375,1.140625271079747,0,0.00424444946606628
490,490,2026-02-28,6102.0,1441.78,4660.22,0,Gregory,Hall,246-20-7981,mary94@example.com,2.0,2024-06-02,73224,True,2.0,Engineering,6102.0,0.7637200917731891,0.2362799082268109,0.0,1.0,0,0.1671505831353549
491,491,2026-02-28,4990.0,856.65,4133.35,0,Michelle,Porter,598-56-0616,johnowens@example.net,4.0,2022-12-08,59880,True,4.0,Finance,4990.0,0.8283266533066133,0.17167334669338677,0.0,1.0,0,0.1945602826098256
492,492,2026-02-28,6849.92,1093.05,5756.87,0,Douglas,Bryant,698-76-7383,elizabeth13@example.net,5.0,2025-02-06,82199,True,5.0,Operations,6849.916666666667,0.8404287933289731,0.1595712066710268,0.0,1.000000486623925,0,0.11871195538988555
493,493,2026-02-28,5096.67,1091.69,4004.98,0,Carmen,Henry,609-71-8518,jeremy52@example.org,5.0,2023-04-14,61160,True,5.0,Operations,5096.666666666667,0.7858032793961547,0.21419672060384526,0.0,1.0000006540222368,0,0.20955500066381944
494,494,2026-02-28,4291.15,811.42,3479.73,10,Tyler,Miller,344-34-5017,hartshawn@example.net,3.0,2023-08-08,47080,True,3.0,HR,3923.3333333333335,0.810908497722056,0.18909150227794413,0.0625,1.0937510620220898,0,0.09905923898363789
495,495,2026-02-28,6903.83,1445.99,5457.84,0,Heather,Rodriguez,409-44-8995,jenniferrussell@example.net,4.0,2024-06-03,82846,True,4.0,Finance,6903.833333333333,0.7905524904292256,0.2094475095707745,0.0,0.9999995171764479,0,0.1437695032013655
496,496,2026-02-28,5673.58,1132.88,4540.7,0,Nancy,Mccarty,030-79-0754,caitlin55@example.com,4.0,2022-05-09,68083,True,4.0,Finance,5673.583333333333,0.8003236052016539,0.19967639479834604,0.0,0.9999994124818237,0,0.200497965251773
497,497,2026-02-28,3703.42,921.33,2782.09,0,Jennifer,Davis,133-19-0028,elizabethmiller@example.org,4.0,2022-07-21,44441,True,4.0,Finance,3703.4166666666665,0.7512218435932193,0.24877815640678078,0.0,1.0000009000697554,0,0.12302002223618685
498,498,2026-02-28,4762.0,779.27,3982.73,0,Kelly,Hansen,194-51-8915,thudson@example.net,2.0,2022-12-02,57144,True,2.0,Engineering,4762.0,0.8363565728685426,0.16364342713145738,0.0,1.0,0,0.1925966923219794
499,499,2026-02-28,3905.42,857.3,3048.12,0,Jeff,Hampton,187-34-3519,uwebster@example.com,5.0,2023-06-30,46865,True,5.0,Operations,3905.4166666666665,0.7804845573587476,0.2195154426412524,0.0,1.0000008535154168,0,0.19709041828111884
500,500,2026-02-28,3271.5,623.0,2648.5,0,Marvin,Frederick,789-73-9813,alexander26@example.com,4.0,2023-02-24,39258,True,4.0,Finance,3271.5,0.8095674766926486,0.19043252330735136,0.0,1.0,0,0.16383541115311834
501,501,2026-02-28,5765.81,924.9,4840.91,20,Ghost,Employee,862-86-7867,ibeck@example.org,3.0,2026-02-05,58265,True,3.0,HR,4855.416666666667,0.8395888869040082,0.1604111130959917,0.125,1.1875005577962756,1,-9.539420126492004e-05
